"中文名","英文名","DS5","DSE","DS5自适应扳机","DSE自适应扳机","DS5触觉反馈","DSE触觉反馈","DS5触摸板","DSE触摸板","分组","备注"
"100% 鲜橙汁！","100% Orange Juice!","限制支持","限制支持","未列入","未列入","未列入","未列入","未列入","未列入","限制支持",""
"1000x抵抗","1000xResist","本地支持","未列入","未列入","未列入","未列入","未列入","未列入","未列入","仅 DS5 本地支持 / DSE 非本地或未列入",""
"1348 Ex Voto","1348 Ex Voto","限制支持","未列入","未列入","未列入","未列入","未列入","未列入","未列入","限制支持",""
"第二个前夕","2nd Eve","本地支持","未列入","未列入","未列入","未列入","未列入","未列入","未列入","仅 DS5 本地支持 / DSE 非本地或未列入",""
"2XKO","2XKO","本地支持","未列入","未列入","未列入","未列入","未列入","未列入","未列入","仅 DS5 本地支持 / DSE 非本地或未列入",""
"距午夜 3 分钟","3 Minutes to Midnight","本地支持","未列入","未列入","未列入","未列入","未列入","未列入","未列入","仅 DS5 本地支持 / DSE 非本地或未列入",""
"500口径合同","500 Caliber Contractz","本地支持","未列入","未列入","未列入","未列入","未列入","未列入","未列入","仅 DS5 本地支持 / DSE 非本地或未列入",""
"瘟疫传说：安魂曲","A Plague Tale: Requiem","本地支持","本地支持","本地支持","本地支持","本地支持","本地支持","未列入","未列入","DS5 与 DSE 本地支持","自适应扳机：DS5 本地支持，DSE 本地支持；触觉反馈：DS5 本地支持，DSE 本地支持"
"寂静之地：前方之路","A Quiet Place: The Road Ahead","本地支持","本地支持","未列入","未列入","未列入","未列入","未列入","未列入","DS5 与 DSE 本地支持",""
"秋天的呢喃：锦衣卫","A Whisper of Fall: Jinyiwei","本地支持","未列入","未列入","未列入","未列入","未列入","未列入","未列入","仅 DS5 本地支持 / DSE 非本地或未列入",""
"爱拉","A.I.L.A","本地支持","未列入","未列入","未列入","未列入","未列入","未列入","未列入","仅 DS5 本地支持 / DSE 非本地或未列入",""
"阿巴索尔","Abathor","本地支持","未列入","未列入","未列入","未列入","未列入","未列入","未列入","仅 DS5 本地支持 / DSE 非本地或未列入",""
"关于钓鱼","About Fishing","本地支持","未列入","未列入","未列入","未列入","未列入","未列入","未列入","仅 DS5 本地支持 / DSE 非本地或未列入",""
"绝对漂移","Absolute Drift","本地支持","未列入","未列入","未列入","未列入","未列入","未列入","未列入","仅 DS5 本地支持 / DSE 非本地或未列入",""
"在我们之后","After Us","本地支持","未列入","未列入","未列入","未列入","未列入","未列入","未列入","仅 DS5 本地支持 / DSE 非本地或未列入",""
"无限机兵","AI Limit","本地支持","本地支持","未列入","未列入","未列入","未列入","未列入","未列入","DS5 与 DSE 本地支持",""
"心灵杀手 II","Alan Wake II","本地支持","本地支持","本地支持","本地支持","限制支持","限制支持","未列入","未列入","DS5 与 DSE 本地支持","自适应扳机：DS5 本地支持，DSE 本地支持；触觉反馈：DS5 限制支持，DSE 限制支持"
"亚历克斯·琼斯：新世界秩序战争","Alex Jones: NWO Wars","本地支持","未列入","未列入","未列入","未列入","未列入","未列入","未列入","仅 DS5 本地支持 / DSE 非本地或未列入",""
"爱丽丝：疯狂回归","Alice: Madness Returns","需手动修复","需手动修复","未列入","未列入","未列入","未列入","未列入","未列入","需要手动修复/改动",""
"外星死亡风暴","Alien Deathstorm","本地支持","未列入","未列入","未列入","未列入","未列入","未列入","未列入","仅 DS5 本地支持 / DSE 非本地或未列入",""
"异形虫群：反应式空投","Alien Swarm: Reactive Drop","限制支持","限制支持","未列入","未列入","未列入","未列入","未列入","未列入","限制支持",""
"异形：精英火力小队","Aliens: Fireteam Elite","本地支持","未列入","未列入","未列入","未列入","未列入","未列入","未列入","仅 DS5 本地支持 / DSE 非本地或未列入",""
"阿尔法·诺莫斯","Alpha Nomos","本地支持","未列入","未列入","未列入","未列入","未列入","未列入","未列入","仅 DS5 本地支持 / DSE 非本地或未列入",""
"兽王（创世纪）","Altered Beast (Genesis)","本地支持","本地支持","未列入","未列入","未列入","未列入","未列入","未列入","DS5 与 DSE 本地支持",""
"阿尔忒亚：阿菲利之怒","Altheia: The Wrath of Aferi","本地支持","未列入","未列入","未列入","未列入","未列入","未列入","未列入","仅 DS5 本地支持 / DSE 非本地或未列入",""
"冒险家阿曼达2","Amanda the Adventurer 2","本地支持","未列入","未列入","未列入","未列入","未列入","未列入","未列入","仅 DS5 本地支持 / DSE 非本地或未列入",""
"冒险家阿曼达3","Amanda the Adventurer 3","本地支持","未列入","未列入","未列入","未列入","未列入","未列入","未列入","仅 DS5 本地支持 / DSE 非本地或未列入",""
"美国麦基的爱丽丝（2011）","American McGee's Alice (2011)","需手动修复","需手动修复","未列入","未列入","未列入","未列入","未列入","未列入","需要手动修复/改动",""
"美洲地带 - 探险家的遗产 (2025)","Amerzone - The Explorer's Legacy (2025)","本地支持","未列入","未列入","未列入","未列入","未列入","未列入","未列入","仅 DS5 本地支持 / DSE 非本地或未列入",""
"安吉琳时代","Angeline Era","本地支持","未列入","未列入","未列入","未列入","未列入","未列入","未列入","仅 DS5 本地支持 / DSE 非本地或未列入",""
"阿尼玛记忆之门：I & II 重制版","Anima Gate of Memories: I & II Remastered","本地支持","未列入","未列入","未列入","未列入","未列入","未列入","未列入","仅 DS5 本地支持 / DSE 非本地或未列入",""
"动物井","Animal Well","本地支持","未列入","未列入","未列入","本地支持","未列入","本地支持","未列入","仅 DS5 本地支持 / DSE 非本地或未列入","触觉反馈：DS5 本地支持，DSE 未列入；触摸板：DS5 触摸板 本地支持，原生支持，Native Support. Interact with dust and vines using the touch pad."
"纪元：突变","ANNO: Mutationem","本地支持","未列入","未列入","未列入","未列入","未列入","未列入","未列入","仅 DS5 本地支持 / DSE 非本地或未列入",""
"安东布拉斯","Antonblast","本地支持","未列入","未列入","未列入","未列入","未列入","未列入","未列入","仅 DS5 本地支持 / DSE 非本地或未列入",""
"光圈科技打工记","Aperture Desk Job","限制支持","限制支持","未列入","未列入","未列入","未列入","未列入","未列入","限制支持",""
"Apex 英雄","Apex Legends","本地支持","本地支持","本地支持","本地支持","限制支持","限制支持","需手动修复","未列入","DS5 与 DSE 本地支持","自适应扳机：DS5 本地支持，DSE 本地支持；触觉反馈：DS5 限制支持，DSE 限制支持；触摸板：DS5 触摸板 需手动修复，第三方工具/自定义配置，Custom config. Requires reWASD application to run. Activate shield and changes weapons."
"远日点","Aphelion","本地支持","未列入","未列入","未列入","未列入","未列入","未列入","未列入","仅 DS5 本地支持 / DSE 非本地或未列入",""
"荒神2","Aragami 2","本地支持","未列入","未列入","未列入","未列入","未列入","未列入","未列入","仅 DS5 本地支持 / DSE 非本地或未列入",""
"ARC攻略","ARC Raiders","本地支持","未列入","未列入","未列入","未列入","未列入","未列入","未列入","仅 DS5 本地支持 / DSE 非本地或未列入",""
"北极觉醒","Arctic Awakening","本地支持","未列入","未列入","未列入","未列入","未列入","未列入","未列入","仅 DS5 本地支持 / DSE 非本地或未列入",""
"阿瑞斯的呼吸","Ares Breathes","本地支持","未列入","未列入","未列入","未列入","未列入","未列入","未列入","仅 DS5 本地支持 / DSE 非本地或未列入",""
"阿丽亚娜和长者法典","Ariana and the Elder Codex","本地支持","未列入","未列入","未列入","未列入","未列入","未列入","未列入","仅 DS5 本地支持 / DSE 非本地或未列入",""
"明日方舟：终末地","Arknights: Endfield","本地支持","本地支持","本地支持","本地支持","本地支持","本地支持","未列入","未列入","DS5 与 DSE 本地支持","自适应扳机：DS5 本地支持，DSE 本地支持；触觉反馈：DS5 本地支持，DSE 本地支持"
"武装重铸者","Arma Reforger","本地支持","未列入","未列入","未列入","未列入","未列入","未列入","未列入","仅 DS5 本地支持 / DSE 非本地或未列入",""
"阿马图斯","Armatus","本地支持","未列入","未列入","未列入","未列入","未列入","未列入","未列入","仅 DS5 本地支持 / DSE 非本地或未列入",""
"装甲核心 VI：境界天火","Armored Core VI: Fires of Rubicon","限制支持","限制支持","未列入","未列入","未列入","未列入","未列入","未列入","限制支持",""
"拉力赛的艺术","Art of Rally","本地支持","未列入","未列入","未列入","未列入","未列入","未列入","未列入","仅 DS5 本地支持 / DSE 非本地或未列入",""
"人工侦探","Artificial Detective","本地支持","未列入","未列入","未列入","未列入","未列入","未列入","未列入","仅 DS5 本地支持 / DSE 非本地或未列入",""
"阿蒂斯影响","Artis Impact","本地支持","未列入","未列入","未列入","未列入","未列入","未列入","未列入","仅 DS5 本地支持 / DSE 非本地或未列入",""
"Arzette：法拉莫尔的宝石","Arzette: The Jewel of Faramore","本地支持","未列入","未列入","未列入","未列入","未列入","未列入","未列入","仅 DS5 本地支持 / DSE 非本地或未列入",""
"刺客信条：幻景","Assassin's Creed Mirage","本地支持","本地支持","未列入","未列入","本地支持","本地支持","未列入","未列入","DS5 与 DSE 本地支持","触觉反馈：DS5 本地支持，DSE 本地支持"
"刺客信条：影","Assassin's Creed Shadows","本地支持","未列入","本地支持","未列入","本地支持","未列入","未列入","未列入","仅 DS5 本地支持 / DSE 非本地或未列入","自适应扳机：DS5 本地支持，DSE 未列入；触觉反馈：DS5 本地支持，DSE 未列入"
"刺客信条：英灵殿","Assassin's Creed Valhalla","本地支持","未列入","本地支持","未列入","本地支持","未列入","未列入","未列入","仅 DS5 本地支持 / DSE 非本地或未列入","自适应扳机：DS5 本地支持，DSE 未列入；触觉反馈：DS5 本地支持，DSE 未列入"
"神力科莎","Assetto Corsa","限制支持","限制支持","需手动修复","需手动修复","未列入","未列入","未列入","未列入","限制支持","自适应扳机：DS5 需手动修复，DSE 需手动修复"
"阿斯特菲尔","Asterfel","本地支持","未列入","未列入","未列入","未列入","未列入","未列入","未列入","仅 DS5 本地支持 / DSE 非本地或未列入",""
"天文勘探者","Astro Prospector","本地支持","未列入","未列入","未列入","未列入","未列入","未列入","未列入","仅 DS5 本地支持 / DSE 非本地或未列入",""
"在命运的尽头","At Fate's End","本地支持","未列入","未列入","未列入","未列入","未列入","未列入","未列入","仅 DS5 本地支持 / DSE 非本地或未列入",""
"雷斯勒里亚纳的炼金工房：红色炼金术士与白色守护者","Atelier Resleriana: The Red Alchemist & the White Guardian","本地支持","未列入","未列入","未列入","未列入","未列入","未列入","未列入","仅 DS5 本地支持 / DSE 非本地或未列入",""
"萝乐娜的炼金工房：亚兰德之炼金术士 DX","Atelier Rorona: The Alchemist of Arland DX","本地支持","本地支持","未列入","未列入","未列入","未列入","未列入","未列入","DS5 与 DSE 本地支持",""
"莱莎的炼金工房2：失落的传说与秘密妖精DX","Atelier Ryza 2: Lost Legends & the Secret Fairy DX","本地支持","未列入","未列入","未列入","未列入","未列入","未列入","未列入","仅 DS5 本地支持 / DSE 非本地或未列入",""
"莱莎的炼金工房3：终结的炼金术士&秘密钥匙DX","Atelier Ryza 3: Alchemist of the End & the Secret Key DX","本地支持","未列入","未列入","未列入","未列入","未列入","未列入","未列入","仅 DS5 本地支持 / DSE 非本地或未列入",""
"莱莎的炼金工房：常暗与秘密藏身处 DX","Atelier Ryza: Ever Darkness & the Secret Hideout DX","本地支持","未列入","未列入","未列入","未列入","未列入","未列入","未列入","仅 DS5 本地支持 / DSE 非本地或未列入",""
"苏菲的炼金工房：不可思议书的炼金术士","Atelier Sophie: The Alchemist of the Mysterious Book","限制支持","未列入","未列入","未列入","未列入","未列入","未列入","未列入","限制支持",""
"Atomfall","Atomfall","限制支持","未列入","未列入","未列入","未列入","未列入","未列入","未列入","限制支持",""
"原子之心","Atomic Heart","限制支持","未列入","未列入","未列入","未列入","未列入","未列入","未列入","限制支持",""
"阿凡达：潘多拉边境","Avatar: Frontiers of Pandora","本地支持","本地支持","本地支持","本地支持","本地支持","本地支持","未列入","未列入","DS5 与 DSE 本地支持","自适应扳机：DS5 本地支持，DSE 本地支持；触觉反馈：DS5 本地支持，DSE 本地支持"
"觉醒 - 星界之刃","Awaken - Astral Blade","本地支持","未列入","未列入","未列入","未列入","未列入","未列入","未列入","仅 DS5 本地支持 / DSE 非本地或未列入",""
"绫纱：沉默之影","Ayasa: Shadows of Silence","本地支持","未列入","未列入","未列入","未列入","未列入","未列入","未列入","仅 DS5 本地支持 / DSE 非本地或未列入",""
"后4血","Back 4 Blood","本地支持","未列入","未列入","未列入","未列入","未列入","未列入","未列入","仅 DS5 本地支持 / DSE 非本地或未列入",""
"坏结局剧院","Bad End Theater","本地支持","未列入","未列入","未列入","未列入","未列入","未列入","未列入","仅 DS5 本地支持 / DSE 非本地或未列入",""
"巴拉特罗","Balatro","本地支持","未列入","未列入","未列入","未列入","未列入","未列入","未列入","仅 DS5 本地支持 / DSE 非本地或未列入",""
"巴尔迪的基础经典重制版","Baldi's Basics Classic Remastered","本地支持","未列入","未列入","未列入","未列入","未列入","未列入","未列入","仅 DS5 本地支持 / DSE 非本地或未列入",""
"博德之门3","Baldur's Gate 3","本地支持","未列入","未列入","未列入","未列入","未列入","未列入","未列入","仅 DS5 本地支持 / DSE 非本地或未列入",""
"弹道NG","BallisticNG","本地支持","未列入","未列入","未列入","未列入","未列入","未列入","未列入","仅 DS5 本地支持 / DSE 非本地或未列入",""
"Bandle Tale：英雄联盟故事","Bandle Tale: A League of Legends Story","本地支持","未列入","未列入","未列入","未列入","未列入","未列入","未列入","仅 DS5 本地支持 / DSE 非本地或未列入",""
"放逐者：新伊甸园的幽灵","Banishers: Ghosts of New Eden","本地支持","未列入","本地支持","未列入","未列入","未列入","未列入","未列入","仅 DS5 本地支持 / DSE 非本地或未列入","自适应扳机：DS5 本地支持，DSE 未列入"
"班卓熊大冒险（Banjo: Recompiled）","Banjo-Kazooie (Banjo: Recompiled)","限制支持","未列入","未列入","未列入","未列入","未列入","未列入","未列入","限制支持",""
"愚人宴","Banquet for Fools","本地支持","未列入","未列入","未列入","未列入","未列入","未列入","未列入","仅 DS5 本地支持 / DSE 非本地或未列入",""
"巴腾凯托斯 I & II 高清重制版","Baten Kaitos I & II HD Remaster","本地支持","未列入","未列入","未列入","未列入","未列入","未列入","未列入","仅 DS5 本地支持 / DSE 非本地或未列入",""
"战地 6","Battlefield 6","本地支持","本地支持","本地支持","本地支持","本地支持","本地支持","未列入","未列入","DS5 与 DSE 本地支持","自适应扳机：DS5 本地支持，DSE 本地支持；触觉反馈：DS5 本地支持，DSE 本地支持"
"BeamNG.drive","BeamNG.drive","本地支持","本地支持","本地支持","本地支持","未列入","未列入","未列入","未列入","DS5 与 DSE 本地支持","自适应扳机：DS5 本地支持，DSE 本地支持"
"轮回之兽","Beast of Reincarnation","本地支持","未列入","未列入","未列入","未列入","未列入","未列入","未列入","仅 DS5 本地支持 / DSE 非本地或未列入",""
"贝尔的号角","Bel's Fanfare","本地支持","未列入","未列入","未列入","未列入","未列入","未列入","未列入","仅 DS5 本地支持 / DSE 非本地或未列入",""
"超越银河系","Beyond Galaxyland","本地支持","未列入","未列入","未列入","未列入","未列入","未列入","未列入","仅 DS5 本地支持 / DSE 非本地或未列入",""
"生物女神：世界末日开始","Bio Goddess : Doomsday Begins","本地支持","未列入","未列入","未列入","未列入","未列入","未列入","未列入","仅 DS5 本地支持 / DSE 非本地或未列入",""
"鸟笼","Birdcage","本地支持","未列入","未列入","未列入","未列入","未列入","未列入","未列入","仅 DS5 本地支持 / DSE 非本地或未列入",""
"黑色沙漠","Black Desert","未列入","未列入","未列入","未列入","未列入","未列入","需手动修复","未列入","触摸板页面补充（第三方/Steam）","触摸板：DS5 触摸板 需手动修复，第三方工具/自定义配置，Custom config. Requires reWASD application to run. Navigates map, activates Special Reward and special movement (Z and X)."
"布莱克梅萨","Black Mesa","本地支持","本地支持","未列入","未列入","未列入","未列入","未列入","未列入","DS5 与 DSE 本地支持",""
"黑神话：悟空","Black Myth: Wukong","本地支持","未列入","本地支持","未列入","本地支持","未列入","未列入","未列入","仅 DS5 本地支持 / DSE 非本地或未列入","自适应扳机：DS5 本地支持，DSE 未列入；触觉反馈：DS5 本地支持，DSE 未列入"
"银翼杀手：增强版","Blade Runner: Enhanced Edition","本地支持","未列入","未列入","未列入","未列入","未列入","未列入","未列入","仅 DS5 本地支持 / DSE 非本地或未列入",""
"亵渎神灵","Blasphemous","本地支持","未列入","未列入","未列入","未列入","未列入","未列入","未列入","仅 DS5 本地支持 / DSE 非本地或未列入",""
"亵渎2","Blasphemous 2","本地支持","未列入","未列入","未列入","未列入","未列入","未列入","未列入","仅 DS5 本地支持 / DSE 非本地或未列入",""
"BlazBlue：熵效应","BlazBlue: Entropy Effect","本地支持","未列入","未列入","未列入","未列入","未列入","未列入","未列入","仅 DS5 本地支持 / DSE 非本地或未列入",""
"死神：魂魄觉醒","Bleach: Rebirth of Souls","限制支持","未列入","未列入","未列入","未列入","未列入","未列入","未列入","限制支持",""
"血液：刷新供应","Blood: Refreshed Supply","本地支持","未列入","未列入","未列入","未列入","未列入","未列入","未列入","仅 DS5 本地支持 / DSE 非本地或未列入",""
"血贼","Bloodthief","本地支持","未列入","未列入","未列入","未列入","未列入","未列入","未列入","仅 DS5 本地支持 / DSE 非本地或未列入",""
"蓝色王子","Blue Prince","本地支持","未列入","未列入","未列入","未列入","未列入","未列入","未列入","仅 DS5 本地支持 / DSE 非本地或未列入",""
"回旋镖 X","Boomerang X","本地支持","未列入","未列入","未列入","未列入","未列入","未列入","未列入","仅 DS5 本地支持 / DSE 非本地或未列入",""
"荆棘：山王","Bramble: The Mountain King","本地支持","未列入","本地支持","未列入","本地支持","未列入","未列入","未列入","仅 DS5 本地支持 / DSE 非本地或未列入","自适应扳机：DS5 本地支持，DSE 未列入；触觉反馈：DS5 本地支持，DSE 未列入"
"勇敢默认飞天仙子高清重制版","Bravely Default Flying Fairy HD Remaster","本地支持","未列入","未列入","未列入","未列入","未列入","未列入","未列入","仅 DS5 本地支持 / DSE 非本地或未列入",""
"龙战士 IV","Breath of Fire IV","限制支持","未列入","未列入","未列入","未列入","未列入","未列入","未列入","限制支持",""
"BROK - 出生尾巴，新的圣诞节","BROK - Natal Tail, A New Christmas","本地支持","未列入","未列入","未列入","未列入","未列入","未列入","未列入","仅 DS5 本地支持 / DSE 非本地或未列入",""
"打破调查员","Brok the InvestiGator","本地支持","未列入","未列入","未列入","未列入","未列入","未列入","未列入","仅 DS5 本地支持 / DSE 非本地或未列入",""
"布西4D","Bubsy 4D","本地支持","未列入","未列入","未列入","未列入","未列入","未列入","未列入","仅 DS5 本地支持 / DSE 非本地或未列入",""
"铅弹轮盘赌","Buckshot Roulette","本地支持","未列入","未列入","未列入","未列入","未列入","未列入","未列入","仅 DS5 本地支持 / DSE 非本地或未列入",""
"臭虫","Bugsnax","本地支持","未列入","本地支持","未列入","未列入","未列入","未列入","未列入","仅 DS5 本地支持 / DSE 非本地或未列入","自适应扳机：DS5 本地支持，DSE 未列入"
"凯恩","Cairn","本地支持","未列入","本地支持","未列入","本地支持","未列入","未列入","未列入","仅 DS5 本地支持 / DSE 非本地或未列入","自适应扳机：DS5 本地支持，DSE 未列入；触觉反馈：DS5 本地支持，DSE 未列入"
"使命召唤：黑色行动 6","Call of Duty: Black Ops 6","本地支持","本地支持","本地支持","本地支持","本地支持","本地支持","未列入","未列入","DS5 与 DSE 本地支持","自适应扳机：DS5 本地支持，DSE 本地支持；触觉反馈：DS5 本地支持，DSE 本地支持"
"使命召唤：黑色行动 7","Call of Duty: Black Ops 7","本地支持","本地支持","本地支持","本地支持","本地支持","本地支持","未列入","未列入","DS5 与 DSE 本地支持","自适应扳机：DS5 本地支持，DSE 本地支持；触觉反馈：DS5 本地支持，DSE 本地支持"
"使命召唤：黑色行动 冷战","Call of Duty: Black Ops Cold War","本地支持","未列入","本地支持","未列入","未列入","未列入","未列入","未列入","仅 DS5 本地支持 / DSE 非本地或未列入","自适应扳机：DS5 本地支持，DSE 未列入"
"使命召唤：现代战争","Call of Duty: Modern Warfare","本地支持","未列入","未列入","未列入","未列入","未列入","未列入","未列入","仅 DS5 本地支持 / DSE 非本地或未列入",""
"使命召唤：现代战争 II","Call of Duty: Modern Warfare II","本地支持","本地支持","本地支持","本地支持","限制支持","限制支持","未列入","未列入","DS5 与 DSE 本地支持","自适应扳机：DS5 本地支持，DSE 本地支持；触觉反馈：DS5 限制支持，DSE 限制支持"
"使命召唤：现代战争 III","Call of Duty: Modern Warfare III","本地支持","本地支持","本地支持","本地支持","本地支持","本地支持","未列入","未列入","DS5 与 DSE 本地支持","自适应扳机：DS5 本地支持，DSE 本地支持；触觉反馈：DS5 本地支持，DSE 本地支持"
"使命召唤：战区 2.0","Call of Duty: Warzone 2.0","本地支持","未列入","本地支持","未列入","本地支持","未列入","未列入","未列入","仅 DS5 本地支持 / DSE 非本地或未列入","自适应扳机：DS5 本地支持，DSE 未列入；触觉反馈：DS5 本地支持，DSE 未列入"
"野性的呼唤：钓鱼者","Call of the Wild: The Angler","本地支持","本地支持","本地支持","本地支持","未列入","未列入","未列入","未列入","DS5 与 DSE 本地支持","自适应扳机：DS5 本地支持，DSE 本地支持"
"卡普空格斗合集 2","Capcom Fighting Collection 2","限制支持","未列入","未列入","未列入","未列入","未列入","未列入","未列入","限制支持",""
"血腥船长（海狼工作室）","Captain Blood (Seawolf Studio)","本地支持","未列入","未列入","未列入","未列入","未列入","未列入","未列入","仅 DS5 本地支持 / DSE 非本地或未列入",""
"商队沙女巫","Caravan SandWitch","本地支持","未列入","未列入","未列入","未列入","未列入","未列入","未列入","仅 DS5 本地支持 / DSE 非本地或未列入",""
"恶魔城主宰合集","Castlevania Dominus Collection","本地支持","未列入","未列入","未列入","未列入","未列入","未列入","未列入","仅 DS5 本地支持 / DSE 非本地或未列入",""
"恶魔城：贝尔蒙特的诅咒","Castlevania: Belmont's Curse","本地支持","未列入","未列入","未列入","未列入","未列入","未列入","未列入","仅 DS5 本地支持 / DSE 非本地或未列入",""
"猫的探索 II","Cat Quest II","本地支持","未列入","未列入","未列入","未列入","未列入","未列入","未列入","仅 DS5 本地支持 / DSE 非本地或未列入",""
"猫咪斗恶龙 3","Cat Quest III","本地支持","本地支持","未列入","未列入","未列入","未列入","未列入","未列入","DS5 与 DSE 本地支持",""
"猫武士","Cat Warrior","本地支持","未列入","未列入","未列入","未列入","未列入","未列入","未列入","仅 DS5 本地支持 / DSE 非本地或未列入",""
"间接伤害：重新设计","Catlateral Damage: Remeowstered","本地支持","未列入","未列入","未列入","未列入","未列入","未列入","未列入","仅 DS5 本地支持 / DSE 非本地或未列入",""
"连锁回声","Chained Echoes","本地支持","未列入","未列入","未列入","未列入","未列入","未列入","未列入","仅 DS5 本地支持 / DSE 非本地或未列入",""
"太阳之子","Children of the Sun","本地支持","未列入","未列入","未列入","未列入","未列入","未列入","未列入","仅 DS5 本地支持 / DSE 非本地或未列入",""
"草莲纱 68K","Cho Ren Sha 68K","本地支持","未列入","未列入","未列入","未列入","未列入","未列入","未列入","仅 DS5 本地支持 / DSE 非本地或未列入",""
"克拉顿X3","Cladun X3","本地支持","未列入","未列入","未列入","未列入","未列入","未列入","未列入","仅 DS5 本地支持 / DSE 非本地或未列入",""
"光与影：33号远征","Clair Obscur: Expedition 33","本地支持","本地支持","未列入","未列入","未列入","未列入","未列入","未列入","DS5 与 DSE 本地支持",""
"冲突II","Clash II","本地支持","未列入","未列入","未列入","未列入","未列入","未列入","未列入","仅 DS5 本地支持 / DSE 非本地或未列入",""
"清洁地球","Clean Up Earth","本地支持","未列入","未列入","未列入","未列入","未列入","未列入","未列入","仅 DS5 本地支持 / DSE 非本地或未列入",""
"钟楼：倒回","Clock Tower: Rewind","本地支持","未列入","未列入","未列入","未列入","未列入","未列入","未列入","仅 DS5 本地支持 / DSE 非本地或未列入",""
"Cloudbuilt","Cloudbuilt","限制支持","未列入","未列入","未列入","未列入","未列入","未列入","未列入","限制支持",""
"克劳德海姆","Cloudheim","本地支持","未列入","未列入","未列入","本地支持","未列入","未列入","未列入","仅 DS5 本地支持 / DSE 非本地或未列入","触觉反馈：DS5 本地支持，DSE 未列入"
"茧","Cocoon","本地支持","未列入","未列入","未列入","未列入","未列入","未列入","未列入","仅 DS5 本地支持 / DSE 非本地或未列入",""
"代码静脉II","Code Vein II","本地支持","未列入","未列入","未列入","未列入","未列入","未列入","未列入","仅 DS5 本地支持 / DSE 非本地或未列入",""
"极度深寒","Cold Fear","限制支持","未列入","未列入","未列入","未列入","未列入","未列入","未列入","限制支持",""
"Concubine","Concubine","限制支持","未列入","未列入","未列入","未列入","未列入","未列入","未列入","限制支持",""
"义务兵","Conscript","本地支持","未列入","未列入","未列入","未列入","未列入","未列入","未列入","仅 DS5 本地支持 / DSE 非本地或未列入",""
"康斯坦斯","Constance","本地支持","未列入","未列入","未列入","未列入","未列入","未列入","未列入","仅 DS5 本地支持 / DSE 非本地或未列入",""
"内容警告","Content Warning","本地支持","未列入","未列入","未列入","未列入","未列入","未列入","未列入","仅 DS5 本地支持 / DSE 非本地或未列入",""
"魂斗罗：加卢加行动","Contra: Operation Galuga","本地支持","未列入","未列入","未列入","未列入","未列入","未列入","未列入","仅 DS5 本地支持 / DSE 非本地或未列入",""
"走私警察","Contraband Police","本地支持","未列入","未列入","未列入","未列入","未列入","未列入","未列入","仅 DS5 本地支持 / DSE 非本地或未列入",""
"控制谐振","Control Resonant","本地支持","未列入","未列入","未列入","未列入","未列入","未列入","未列入","仅 DS5 本地支持 / DSE 非本地或未列入",""
"科尔杜拉","Cordura","本地支持","未列入","未列入","未列入","未列入","未列入","未列入","未列入","仅 DS5 本地支持 / DSE 非本地或未列入",""
"犯罪现场清洁工","Crime Scene Cleaner","本地支持","未列入","未列入","未列入","未列入","未列入","未列入","未列入","仅 DS5 本地支持 / DSE 非本地或未列入",""
"赤红沙漠","Crimson Desert","本地支持","未列入","本地支持","未列入","未列入","未列入","未列入","未列入","仅 DS5 本地支持 / DSE 非本地或未列入","自适应扳机：DS5 本地支持，DSE 未列入"
"核心危机：最终幻想 VII Reunion","Crisis Core: Final Fantasy VII Reunion","限制支持","限制支持","未列入","未列入","未列入","未列入","未列入","未列入","限制支持",""
"Crisol：偶像剧场","Crisol: Theater of Idols","本地支持","未列入","未列入","未列入","未列入","未列入","未列入","未列入","仅 DS5 本地支持 / DSE 非本地或未列入",""
"鳄鱼：戈布斯传奇 (2025)","Croc: Legend of the Gobbos (2025)","本地支持","未列入","未列入","未列入","未列入","未列入","未列入","未列入","仅 DS5 本地支持 / DSE 非本地或未列入",""
"克洛诺斯：新黎明","Cronos: The New Dawn","本地支持","未列入","本地支持","未列入","本地支持","未列入","未列入","未列入","仅 DS5 本地支持 / DSE 非本地或未列入","自适应扳机：DS5 本地支持，DSE 未列入；触觉反馈：DS5 本地支持，DSE 未列入"
"克苏鲁：宇宙深渊","Cthulhu: The Cosmic Abyss","本地支持","未列入","未列入","未列入","未列入","未列入","未列入","未列入","仅 DS5 本地支持 / DSE 非本地或未列入",""
"立方奥德赛","Cubic Odyssey","本地支持","未列入","未列入","未列入","未列入","未列入","未列入","未列入","仅 DS5 本地支持 / DSE 非本地或未列入",""
"猩红雄鹿的诅咒","Curse of the Crimson Stag","本地支持","未列入","未列入","未列入","未列入","未列入","未列入","未列入","仅 DS5 本地支持 / DSE 非本地或未列入",""
"网络骑士：闪点","Cyber Knights: Flashpoint","本地支持","未列入","未列入","未列入","未列入","未列入","未列入","未列入","仅 DS5 本地支持 / DSE 非本地或未列入",""
"赛博朋克 2077","Cyberpunk 2077","本地支持","本地支持","本地支持","本地支持","本地支持","本地支持","未列入","未列入","DS5 与 DSE 本地支持","自适应扳机：DS5 本地支持，DSE 本地支持；触觉反馈：DS5 本地支持，DSE 本地支持"
"网络出租车","CyberTaxi","本地支持","未列入","未列入","未列入","未列入","未列入","未列入","未列入","仅 DS5 本地支持 / DSE 非本地或未列入",""
"Cygni：枪炮齐鸣","Cygni: All Guns Blazing","本地支持","未列入","未列入","未列入","未列入","未列入","未列入","未列入","仅 DS5 本地支持 / DSE 非本地或未列入",""
"Daemon X Machina：泰坦尼克号赛恩","Daemon X Machina: Titanic Scion","本地支持","未列入","未列入","未列入","未列入","未列入","未列入","未列入","仅 DS5 本地支持 / DSE 非本地或未列入",""
"黑暗之魂 重制版","Dark Souls Remastered","限制支持","未列入","未列入","未列入","未列入","未列入","未列入","未列入","限制支持",""
"黑木","Darkwood","本地支持","未列入","未列入","未列入","未列入","未列入","未列入","未列入","仅 DS5 本地支持 / DSE 非本地或未列入",""
"达尔文悖论！","Darwin's Paradox!","本地支持","未列入","未列入","未列入","未列入","未列入","未列入","未列入","仅 DS5 本地支持 / DSE 非本地或未列入",""
"潜水员戴夫","Dave the Diver","本地支持","未列入","本地支持","未列入","本地支持","未列入","未列入","未列入","仅 DS5 本地支持 / DSE 非本地或未列入","自适应扳机：DS5 本地支持，DSE 未列入；触觉反馈：DS5 本地支持，DSE 未列入"
"往日不再","Days Gone","本地支持","未列入","本地支持","未列入","本地支持","未列入","未列入","未列入","仅 DS5 本地支持 / DSE 非本地或未列入","自适应扳机：DS5 本地支持，DSE 未列入；触觉反馈：DS5 本地支持，DSE 未列入"
"死格式","Dead Format","本地支持","未列入","未列入","未列入","未列入","未列入","未列入","未列入","仅 DS5 本地支持 / DSE 非本地或未列入",""
"死亡岛 2","Dead Island 2","本地支持","本地支持","未列入","未列入","未列入","未列入","未列入","未列入","DS5 与 DSE 本地支持",""
"死亡重置","Dead Reset","本地支持","未列入","未列入","未列入","未列入","未列入","未列入","未列入","仅 DS5 本地支持 / DSE 非本地或未列入",""
"丧尸围城 豪华复刻版","Dead Rising Deluxe Remaster","限制支持","限制支持","未列入","未列入","未列入","未列入","未列入","未列入","限制支持",""
"死亡空间（2023）","Dead Space (2023)","本地支持","未列入","未列入","未列入","未列入","未列入","未列入","未列入","仅 DS5 本地支持 / DSE 非本地或未列入",""
"死亡空间 2","Dead Space 2","需手动修复","需手动修复","未列入","未列入","未列入","未列入","需手动修复","未列入","需要手动修复/改动","触摸板：DS5 触摸板 需手动修复，第三方工具/自定义配置，Custom config. Requires reWASD application to run. Responsible for recentring camera and Attack."
"死夺","Dead Take","本地支持","未列入","未列入","未列入","未列入","未列入","未列入","未列入","仅 DS5 本地支持 / DSE 非本地或未列入",""
"死核重制版","DeadCore Redux","本地支持","未列入","未列入","未列入","未列入","未列入","未列入","未列入","仅 DS5 本地支持 / DSE 非本地或未列入",""
"Deadlock","Deadlock","限制支持","限制支持","未列入","未列入","未列入","未列入","未列入","未列入","限制支持",""
"死必须死","Death Must Die","本地支持","未列入","未列入","未列入","未列入","未列入","未列入","未列入","仅 DS5 本地支持 / DSE 非本地或未列入",""
"死亡平方","Death Squared","本地支持","未列入","未列入","未列入","未列入","未列入","未列入","未列入","仅 DS5 本地支持 / DSE 非本地或未列入",""
"死亡搁浅 2：冥滩之上","Death Stranding 2: On the Beach","本地支持","未列入","本地支持","未列入","本地支持","未列入","未列入","未列入","仅 DS5 本地支持 / DSE 非本地或未列入","自适应扳机：DS5 本地支持，DSE 未列入；触觉反馈：DS5 本地支持，DSE 未列入"
"死亡搁浅 导演剪辑版","Death Stranding Director's Cut","本地支持","本地支持","本地支持","本地支持","限制支持","限制支持","未列入","未列入","DS5 与 DSE 本地支持","自适应扳机：DS5 本地支持，DSE 本地支持；触觉反馈：DS5 限制支持，DSE 限制支持"
"死亡循环","Deathloop","本地支持","未列入","本地支持","未列入","本地支持","未列入","未列入","未列入","仅 DS5 本地支持 / DSE 非本地或未列入","自适应扳机：DS5 本地支持，DSE 未列入；触觉反馈：DS5 本地支持，DSE 未列入"
"欺骗2","Deceit 2","本地支持","未列入","未列入","未列入","未列入","未列入","未列入","未列入","仅 DS5 本地支持 / DSE 非本地或未列入",""
"解构模拟器","Deconstruction Simulator","本地支持","未列入","未列入","未列入","未列入","未列入","未列入","未列入","仅 DS5 本地支持 / DSE 非本地或未列入",""
"深岩银河","Deep Rock Galactic","未列入","未列入","未列入","未列入","未列入","未列入","需手动修复","未列入","触摸板页面补充（第三方/Steam）","触摸板：DS5 触摸板 需手动修复，第三方工具/自定义配置，Custom config. Requires reWASD application to run. Numpad action shortcuts."
"深度睡眠：被遗忘者的迷宫","Deep Sleep: Labyrinth of the Forsaken","本地支持","未列入","未列入","未列入","未列入","未列入","未列入","未列入","仅 DS5 本地支持 / DSE 非本地或未列入",""
"不惜一切代价交付","Deliver at All Costs","本地支持","未列入","未列入","未列入","未列入","未列入","未列入","未列入","仅 DS5 本地支持 / DSE 非本地或未列入",""
"三角洲行动（2024）","Delta Force (2024)","本地支持","本地支持","未列入","未列入","未列入","未列入","未列入","未列入","DS5 与 DSE 本地支持",""
"德尔塔卢恩","Deltarune","本地支持","未列入","未列入","未列入","未列入","未列入","未列入","未列入","仅 DS5 本地支持 / DSE 非本地或未列入",""
"鬼灭之刃-鬼灭之刃-日神编年史","Demon Slayer -Kimetsu no Yaiba- The Hinokami Chronicles","本地支持","未列入","未列入","未列入","未列入","未列入","未列入","未列入","仅 DS5 本地支持 / DSE 非本地或未列入",""
"恶魔潮汐","Demon Tides","本地支持","未列入","未列入","未列入","未列入","未列入","未列入","未列入","仅 DS5 本地支持 / DSE 非本地或未列入",""
"人格解体","Depersonalization","本地支持","未列入","未列入","未列入","本地支持","未列入","未列入","未列入","仅 DS5 本地支持 / DSE 非本地或未列入","触觉反馈：DS5 本地支持，DSE 未列入"
"侦探本能：永别了，我的爱人","Detective Instinct: Farewell, My Beloved","本地支持","未列入","未列入","未列入","未列入","未列入","未列入","未列入","仅 DS5 本地支持 / DSE 非本地或未列入",""
"杀出重围重制版","Deus Ex Remastered","本地支持","未列入","未列入","未列入","未列入","未列入","未列入","未列入","仅 DS5 本地支持 / DSE 非本地或未列入",""
"鬼泣 5","Devil May Cry 5","本地支持","本地支持","未列入","未列入","未列入","未列入","未列入","未列入","DS5 与 DSE 本地支持",""
"鬼泣 HD 合集","Devil May Cry HD Collection","限制支持","限制支持","未列入","未列入","未列入","未列入","未列入","未列入","限制支持",""
"暗黑破坏神 II：狱火重生","Diablo II: Resurrected","本地支持","未列入","未列入","未列入","未列入","未列入","未列入","未列入","仅 DS5 本地支持 / DSE 非本地或未列入",""
"暗黑破坏神 IV","Diablo IV","本地支持","未列入","未列入","未列入","未列入","未列入","未列入","未列入","仅 DS5 本地支持 / DSE 非本地或未列入",""
"数码宝贝物语：时间陌生人","Digimon Story: Time Stranger","本地支持","本地支持","未列入","未列入","未列入","未列入","未列入","未列入","DS5 与 DSE 本地支持",""
"恐龙危机","Dino Crisis","限制支持","未列入","未列入","未列入","未列入","未列入","未列入","未列入","限制支持",""
"恐龙创伤","Dino Trauma","本地支持","未列入","未列入","未列入","未列入","未列入","未列入","未列入","仅 DS5 本地支持 / DSE 非本地或未列入",""
"指令 8020","Directive 8020","本地支持","未列入","未列入","未列入","未列入","未列入","未列入","未列入","仅 DS5 本地支持 / DSE 非本地或未列入",""
"污垢5","DIRT 5","本地支持","未列入","未列入","未列入","未列入","未列入","未列入","未列入","仅 DS5 本地支持 / DSE 非本地或未列入",""
"尘埃拉力赛 2.0","DiRT Rally 2.0","本地支持","本地支持","需手动修复","需手动修复","未列入","未列入","未列入","未列入","DS5 与 DSE 本地支持","自适应扳机：DS5 需手动修复，DSE 需手动修复"
"门徒：统治","Disciples: Domination","本地支持","未列入","未列入","未列入","未列入","未列入","未列入","未列入","仅 DS5 本地支持 / DSE 非本地或未列入",""
"Dispatch（2025）","Dispatch (2025)","限制支持","限制支持","未列入","未列入","未列入","未列入","未列入","未列入","限制支持",""
"距离","Distance","本地支持","本地支持","未列入","未列入","未列入","未列入","未列入","未列入","DS5 与 DSE 本地支持",""
"停靠","Docked","本地支持","未列入","未列入","未列入","未列入","未列入","未列入","未列入","仅 DS5 本地支持 / DSE 非本地或未列入",""
"多卡蓬王国：连接","Dokapon Kingdom: Connect","本地支持","未列入","未列入","未列入","未列入","未列入","未列入","未列入","仅 DS5 本地支持 / DSE 非本地或未列入",""
"多卡蓬！愤怒之剑","Dokapon! Sword of Fury","本地支持","未列入","未列入","未列入","未列入","未列入","未列入","未列入","仅 DS5 本地支持 / DSE 非本地或未列入",""
"支石墓","Dolmen","本地支持","未列入","本地支持","未列入","本地支持","未列入","未列入","未列入","仅 DS5 本地支持 / DSE 非本地或未列入","自适应扳机：DS5 本地支持，DSE 未列入；触觉反馈：DS5 本地支持，DSE 未列入"
"圆顶守护者","Dome Keeper","本地支持","未列入","未列入","未列入","未列入","未列入","未列入","未列入","仅 DS5 本地支持 / DSE 非本地或未列入",""
"毁灭战士 + 毁灭战士 II","Doom + Doom II","本地支持","未列入","未列入","未列入","未列入","未列入","未列入","未列入","仅 DS5 本地支持 / DSE 非本地或未列入",""
"毁灭战士 3","Doom 3","需手动修复","未列入","未列入","未列入","未列入","未列入","未列入","未列入","需要手动修复/改动",""
"毁灭战士 64","Doom 64","本地支持","未列入","未列入","未列入","未列入","未列入","未列入","未列入","仅 DS5 本地支持 / DSE 非本地或未列入",""
"毁灭战士：黑暗时代","Doom: The Dark Ages","本地支持","本地支持","未列入","未列入","未列入","未列入","未列入","未列入","DS5 与 DSE 本地支持",""
"龙腾世纪：影障守护者","Dragon Age: The Veilguard","本地支持","本地支持","未列入","未列入","本地支持","本地支持","未列入","未列入","DS5 与 DSE 本地支持","触觉反馈：DS5 本地支持，DSE 本地支持"
"龙珠：激神小队","Dragon Ball: Gekishin Squadra","本地支持","未列入","未列入","未列入","未列入","未列入","未列入","未列入","仅 DS5 本地支持 / DSE 非本地或未列入",""
"龙珠：火花四射！零","Dragon Ball: Sparking! Zero","本地支持","未列入","未列入","未列入","未列入","未列入","未列入","未列入","仅 DS5 本地支持 / DSE 非本地或未列入",""
"龙死了","Dragon Is Dead","本地支持","未列入","未列入","未列入","未列入","未列入","未列入","未列入","仅 DS5 本地支持 / DSE 非本地或未列入",""
"勇者斗恶龙 创世小玩家","Dragon Quest Builders","本地支持","未列入","未列入","未列入","未列入","未列入","未列入","未列入","仅 DS5 本地支持 / DSE 非本地或未列入",""
"勇者斗恶龙 I & II HD-2D 重制版","Dragon Quest I & II HD-2D Remake","本地支持","未列入","未列入","未列入","未列入","未列入","未列入","未列入","仅 DS5 本地支持 / DSE 非本地或未列入",""
"勇者斗恶龙 III HD-2D 重制版","Dragon Quest III HD-2D Remake","本地支持","未列入","未列入","未列入","未列入","未列入","未列入","未列入","仅 DS5 本地支持 / DSE 非本地或未列入",""
"龙之信条 2","Dragon's Dogma II","本地支持","未列入","未列入","未列入","未列入","未列入","未列入","未列入","仅 DS5 本地支持 / DSE 非本地或未列入",""
"恐惧圣堂武士","Dread Templar","本地支持","未列入","未列入","未列入","未列入","未列入","未列入","未列入","仅 DS5 本地支持 / DSE 非本地或未列入",""
"以太之梦","Dreams of Aether","本地支持","未列入","未列入","未列入","未列入","未列入","未列入","未列入","仅 DS5 本地支持 / DSE 非本地或未列入",""
"挖泥机","Dredge","本地支持","未列入","未列入","未列入","未列入","未列入","未列入","未列入","仅 DS5 本地支持 / DSE 非本地或未列入",""
"驾驶拉力赛","Drive Rally","本地支持","本地支持","未列入","未列入","未列入","未列入","未列入","未列入","DS5 与 DSE 本地支持",""
"德罗瓦：被遗忘的亲人","Drova: Forsaken Kin","本地支持","未列入","未列入","未列入","未列入","未列入","未列入","未列入","仅 DS5 本地支持 / DSE 非本地或未列入",""
"决斗公司","Duel Corp.","本地支持","未列入","未列入","未列入","未列入","未列入","未列入","未列入","仅 DS5 本地支持 / DSE 非本地或未列入",""
"地下城遭遇","Dungeon Encounters","本地支持","未列入","未列入","未列入","未列入","未列入","未列入","未列入","仅 DS5 本地支持 / DSE 非本地或未列入",""
"消逝的光芒","Dying Light","本地支持","未列入","需手动修复","未列入","需手动修复","未列入","未列入","未列入","仅 DS5 本地支持 / DSE 非本地或未列入","自适应扳机：DS5 需手动修复，DSE 未列入；触觉反馈：DS5 需手动修复，DSE 未列入"
"消逝的光芒 2：人与仁之战","Dying Light 2 Stay Human","本地支持","未列入","本地支持","未列入","本地支持","未列入","未列入","未列入","仅 DS5 本地支持 / DSE 非本地或未列入","自适应扳机：DS5 本地支持，DSE 未列入；触觉反馈：DS5 本地支持，DSE 未列入"
"真·三国无双：起源","Dynasty Warriors: Origins","限制支持","限制支持","未列入","未列入","未列入","未列入","未列入","未列入","限制支持",""
"EA 体育 FC 24","EA Sports FC 24","本地支持","未列入","未列入","未列入","未列入","未列入","未列入","未列入","仅 DS5 本地支持 / DSE 非本地或未列入",""
"EA 体育 FC 25","EA Sports FC 25","本地支持","本地支持","未列入","未列入","未列入","未列入","未列入","未列入","DS5 与 DSE 本地支持",""
"EA 体育 WRC","EA Sports WRC","本地支持","本地支持","未列入","未列入","需手动修复","需手动修复","未列入","未列入","DS5 与 DSE 本地支持","触觉反馈：DS5 需手动修复，DSE 需手动修复"
"电子棒球：职业精神","Ebaseball: Pro Spirit","本地支持","未列入","未列入","未列入","未列入","未列入","未列入","未列入","仅 DS5 本地支持 / DSE 非本地或未列入",""
"末日的回响","Echoes of the End","本地支持","未列入","未列入","未列入","未列入","未列入","未列入","未列入","仅 DS5 本地支持 / DSE 非本地或未列入",""
"Eclipse Breaker","Eclipse Breaker","限制支持","未列入","未列入","未列入","未列入","未列入","未列入","未列入","限制支持",""
"永恒的边缘","Edge of Eternity","本地支持","未列入","未列入","未列入","未列入","未列入","未列入","未列入","仅 DS5 本地支持 / DSE 非本地或未列入",""
"记忆的边缘","Edge of Memories","本地支持","未列入","未列入","未列入","未列入","未列入","未列入","未列入","仅 DS5 本地支持 / DSE 非本地或未列入",""
"怂恿","Egging On","本地支持","未列入","未列入","未列入","未列入","未列入","未列入","未列入","仅 DS5 本地支持 / DSE 非本地或未列入",""
"艾尔登法环：黑夜君临","Elden Ring Nightreign","限制支持","限制支持","未列入","未列入","未列入","未列入","未列入","未列入","限制支持",""
"九重天","Empyreal","本地支持","未列入","未列入","未列入","未列入","未列入","未列入","未列入","仅 DS5 本地支持 / DSE 非本地或未列入",""
"ENA：梦想烧烤","ENA: Dream BBQ","本地支持","未列入","未列入","未列入","未列入","未列入","未列入","未列入","仅 DS5 本地支持 / DSE 非本地或未列入",""
"安德百合：骑士的安静","Ender Lilies: Quietus of the Knights","本地支持","未列入","未列入","未列入","未列入","未列入","未列入","未列入","仅 DS5 本地支持 / DSE 非本地或未列入",""
"终焉玛格诺利亚：雾中盛放之花","Ender Magnolia: Bloom in the Mist","限制支持","未列入","未列入","未列入","未列入","未列入","未列入","未列入","限制支持",""
"恐惧之谜","Enigma of Fear","本地支持","未列入","未列入","未列入","未列入","未列入","未列入","未列入","仅 DS5 本地支持 / DSE 非本地或未列入",""
"埃瑞班：暗影遗产","Ereban: Shadow Legacy","本地支持","未列入","未列入","未列入","未列入","未列入","未列入","未列入","仅 DS5 本地支持 / DSE 非本地或未列入",""
"埃里克霍姆：被偷走的梦想","Eriksholm: The Stolen Dream","本地支持","未列入","本地支持","未列入","本地支持","未列入","未列入","未列入","仅 DS5 本地支持 / DSE 非本地或未列入","自适应扳机：DS5 本地支持，DSE 未列入；触觉反馈：DS5 本地支持，DSE 未列入"
"逃脱模拟器2","Escape Simulator 2","本地支持","未列入","未列入","未列入","未列入","未列入","未列入","未列入","仅 DS5 本地支持 / DSE 非本地或未列入",""
"深奥的落潮","Esoteric Ebb","本地支持","未列入","未列入","未列入","未列入","未列入","未列入","未列入","仅 DS5 本地支持 / DSE 非本地或未列入",""
"永恒之夜","Eternights","本地支持","未列入","未列入","未列入","未列入","未列入","未列入","未列入","仅 DS5 本地支持 / DSE 非本地或未列入",""
"异界霸主","Etrange Overlord","本地支持","未列入","未列入","未列入","未列入","未列入","未列入","未列入","仅 DS5 本地支持 / DSE 非本地或未列入",""
"欧洲卡车模拟 2","Euro Truck Simulator 2","限制支持","限制支持","需手动修复","需手动修复","未列入","未列入","未列入","未列入","限制支持","自适应扳机：DS5 需手动修复，DSE 需手动修复"
"永恒空间2","Everspace 2","本地支持","未列入","本地支持","未列入","未列入","未列入","未列入","未列入","仅 DS5 本地支持 / DSE 非本地或未列入","自适应扳机：DS5 本地支持，DSE 未列入"
"每个人的高尔夫：热门击球","Everybody's Golf: Hot Shots","本地支持","未列入","未列入","未列入","未列入","未列入","未列入","未列入","仅 DS5 本地支持 / DSE 非本地或未列入",""
"进化论","Evotinction","本地支持","未列入","未列入","未列入","未列入","未列入","未列入","未列入","仅 DS5 本地支持 / DSE 非本地或未列入",""
"探险：泥泞奔跑游戏","Expeditions: A MudRunner Game","本地支持","未列入","未列入","未列入","未列入","未列入","未列入","未列入","仅 DS5 本地支持 / DSE 非本地或未列入",""
"极度恐慌","F.E.A.R.","需手动修复","需手动修复","未列入","未列入","未列入","未列入","未列入","未列入","需要手动修复/改动",""
"极度恐慌：珀尔修斯指令","F.E.A.R. Perseus Mandate","需手动修复","需手动修复","未列入","未列入","未列入","未列入","未列入","未列入","需要手动修复/改动",""
"F1 2021","F1 2021","本地支持","未列入","本地支持","未列入","未列入","未列入","未列入","未列入","仅 DS5 本地支持 / DSE 非本地或未列入","自适应扳机：DS5 本地支持，DSE 未列入"
"F1 22","F1 22","本地支持","本地支持","本地支持","本地支持","本地支持","本地支持","未列入","未列入","DS5 与 DSE 本地支持","自适应扳机：DS5 本地支持，DSE 本地支持；触觉反馈：DS5 本地支持，DSE 本地支持"
"F1 23","F1 23","本地支持","本地支持","本地支持","本地支持","本地支持","本地支持","未列入","未列入","DS5 与 DSE 本地支持","自适应扳机：DS5 本地支持，DSE 本地支持；触觉反馈：DS5 本地支持，DSE 本地支持"
"F1 24","F1 24","本地支持","本地支持","本地支持","本地支持","本地支持","本地支持","未列入","未列入","DS5 与 DSE 本地支持","自适应扳机：DS5 本地支持，DSE 本地支持；触觉反馈：DS5 本地支持，DSE 本地支持"
"F1 25","F1 25","本地支持","本地支持","本地支持","本地支持","本地支持","本地支持","未列入","未列入","DS5 与 DSE 本地支持","自适应扳机：DS5 本地支持，DSE 本地支持；触觉反馈：DS5 本地支持，DSE 本地支持"
"Faaast Penguin","Faaast Penguin","未列入","本地支持","未列入","未列入","未列入","未列入","未列入","未列入","仅 DSE 本地支持 / DS5 非本地或未列入","DSE 本地支持；DS5 未列入"
"仙女击剑F","Fairy Fencer F","本地支持","未列入","未列入","未列入","未列入","未列入","未列入","未列入","仅 DS5 本地支持 / DSE 非本地或未列入",""
"妖精的尾巴2","Fairy Tail 2","本地支持","未列入","未列入","未列入","未列入","未列入","未列入","未列入","仅 DS5 本地支持 / DSE 非本地或未列入",""
"FAITH：邪恶三位一体","FAITH: The Unholy Trinity","限制支持","未列入","未列入","未列入","未列入","未列入","未列入","未列入","限制支持",""
"秋天的家伙","Fall Guys","本地支持","未列入","未列入","未列入","未列入","未列入","未列入","未列入","仅 DS5 本地支持 / DSE 非本地或未列入",""
"幻想新维度","Fantasian Neo Dimension","本地支持","未列入","未列入","未列入","本地支持","未列入","未列入","未列入","仅 DS5 本地支持 / DSE 非本地或未列入","触觉反馈：DS5 本地支持，DSE 未列入"
"孤岛惊魂6","Far Cry 6","本地支持","未列入","本地支持","未列入","本地支持","未列入","未列入","未列入","仅 DS5 本地支持 / DSE 非本地或未列入","自适应扳机：DS5 本地支持，DSE 未列入；触觉反馈：DS5 本地支持，DSE 未列入"
"远光84","Farlight 84","本地支持","本地支持","未列入","未列入","未列入","未列入","未列入","未列入","DS5 与 DSE 本地支持",""
"法马吉亚","Farmagia","本地支持","未列入","未列入","未列入","未列入","未列入","未列入","未列入","仅 DS5 本地支持 / DSE 非本地或未列入",""
"致命框架2：绯红蝴蝶重制版","Fatal Frame II: Crimson Butterfly Remake","本地支持","未列入","未列入","未列入","未列入","未列入","未列入","未列入","仅 DS5 本地支持 / DSE 非本地或未列入",""
"饿狼传说：狼之城","Fatal Fury: City of the Wolves","本地支持","未列入","未列入","未列入","未列入","未列入","未列入","未列入","仅 DS5 本地支持 / DSE 非本地或未列入",""
"命运触发","Fate Trigger","本地支持","本地支持","未列入","未列入","未列入","未列入","未列入","未列入","DS5 与 DSE 本地支持",""
"命运/空心阿塔拉克西娅重制版","Fate/Hollow Ataraxia Remastered","本地支持","未列入","未列入","未列入","未列入","未列入","未列入","未列入","仅 DS5 本地支持 / DSE 非本地或未列入",""
"命运之夜重制版","Fate/Stay Night Remastered","本地支持","未列入","未列入","未列入","未列入","未列入","未列入","未列入","仅 DS5 本地支持 / DSE 非本地或未列入",""
"FBC：防火线","FBC: Firebreak","本地支持","本地支持","本地支持","本地支持","限制支持","限制支持","未列入","未列入","DS5 与 DSE 本地支持","自适应扳机：DS5 本地支持，DSE 本地支持；触觉反馈：DS5 限制支持，DSE 限制支持"
"害怕聚光灯","Fear the Spotlight","本地支持","未列入","未列入","未列入","未列入","未列入","未列入","未列入","仅 DS5 本地支持 / DSE 非本地或未列入",""
"菲尔伍兹","Fearwoods","本地支持","未列入","未列入","未列入","未列入","未列入","未列入","未列入","仅 DS5 本地支持 / DSE 非本地或未列入",""
"图2：信条谷","Figment 2: Creed Valley","本地支持","未列入","未列入","未列入","未列入","未列入","未列入","未列入","仅 DS5 本地支持 / DSE 非本地或未列入",""
"最终幻想","Final Fantasy","限制支持","未列入","未列入","未列入","未列入","未列入","未列入","未列入","限制支持",""
"最终幻想战略版：伊瓦利斯编年史","Final Fantasy Tactics - The Ivalice Chronicles","限制支持","未列入","未列入","未列入","未列入","未列入","未列入","未列入","限制支持",""
"最终幻想 VII（2012）","Final Fantasy VII (2012)","本地支持","本地支持","未列入","未列入","未列入","未列入","未列入","未列入","DS5 与 DSE 本地支持",""
"最终幻想 VII（2020）","Final Fantasy VII (2020)","本地支持","本地支持","未列入","未列入","未列入","未列入","未列入","未列入","DS5 与 DSE 本地支持",""
"最终幻想 VII：重生","Final Fantasy VII Rebirth","本地支持","未列入","本地支持","未列入","本地支持","未列入","未列入","未列入","仅 DS5 本地支持 / DSE 非本地或未列入","自适应扳机：DS5 本地支持，DSE 未列入；触觉反馈：DS5 本地支持，DSE 未列入"
"最终幻想 VII 重制版 Intergrade","Final Fantasy VII Remake Intergrade","本地支持","未列入","本地支持","未列入","本地支持","未列入","未列入","未列入","仅 DS5 本地支持 / DSE 非本地或未列入","自适应扳机：DS5 本地支持，DSE 未列入；触觉反馈：DS5 本地支持，DSE 未列入"
"最终幻想 XIV：重生之境","Final Fantasy XIV: A Realm Reborn","本地支持","本地支持","本地支持","本地支持","本地支持","本地支持","未列入","未列入","DS5 与 DSE 本地支持","自适应扳机：DS5 本地支持，DSE 本地支持；触觉反馈：DS5 本地支持，DSE 本地支持"
"最终幻想 XVI","Final Fantasy XVI","本地支持","本地支持","本地支持","本地支持","本地支持","本地支持","未列入","未列入","DS5 与 DSE 本地支持","自适应扳机：DS5 本地支持，DSE 本地支持；触觉反馈：DS5 本地支持，DSE 本地支持"
"肉与线","Flesh & Wire","本地支持","未列入","未列入","未列入","未列入","未列入","未列入","未列入","仅 DS5 本地支持 / DSE 非本地或未列入",""
"燧石：遗忘宝藏","Flint: Treasure of Oblivion","本地支持","未列入","未列入","未列入","未列入","未列入","未列入","未列入","仅 DS5 本地支持 / DSE 非本地或未列入",""
"遗忘","Forgotlings","本地支持","未列入","未列入","未列入","未列入","未列入","未列入","未列入","仅 DS5 本地支持 / DSE 非本地或未列入",""
"魔咒之地","Forspoken","本地支持","本地支持","本地支持","本地支持","本地支持","本地支持","未列入","未列入","DS5 与 DSE 本地支持","自适应扳机：DS5 本地支持，DSE 本地支持；触觉反馈：DS5 本地支持，DSE 本地支持"
"堡垒之夜","Fortnite","本地支持","本地支持","未列入","未列入","未列入","未列入","需手动修复","未列入","DS5 与 DSE 本地支持","触摸板：DS5 触摸板 需手动修复，第三方工具/自定义配置，Custom config. Requires reWASD application to run. Constant fire."
"狐狸饺子","Foxy Dumplings","本地支持","未列入","未列入","未列入","未列入","未列入","未列入","未列入","仅 DS5 本地支持 / DSE 非本地或未列入",""
"碎片朋克","FragPunk","本地支持","未列入","未列入","未列入","未列入","未列入","未列入","未列入","仅 DS5 本地支持 / DSE 非本地或未列入",""
"镶框收藏","Framed Collection","本地支持","未列入","未列入","未列入","未列入","未列入","未列入","未列入","仅 DS5 本地支持 / DSE 非本地或未列入",""
"自由战争重制版","Freedom Wars Remastered","本地支持","未列入","未列入","未列入","未列入","未列入","未列入","未列入","仅 DS5 本地支持 / DSE 非本地或未列入",""
"星期五晚上狂欢","Friday Night Funkin'","本地支持","未列入","未列入","未列入","未列入","未列入","未列入","未列入","仅 DS5 本地支持 / DSE 非本地或未列入",""
"前线任务 2：重制版","Front Mission 2: Remake","本地支持","未列入","未列入","未列入","未列入","未列入","未列入","未列入","仅 DS5 本地支持 / DSE 非本地或未列入",""
"前线任务 3：重制版","Front Mission 3: Remake","本地支持","未列入","未列入","未列入","未列入","未列入","未列入","未列入","仅 DS5 本地支持 / DSE 非本地或未列入",""
"福尼浣熊游戏","Funi Raccoon Game","本地支持","未列入","未列入","未列入","未列入","未列入","未列入","未列入","仅 DS5 本地支持 / DSE 非本地或未列入",""
"芬科融合","Funko Fusion","本地支持","未列入","未列入","未列入","未列入","未列入","未列入","未列入","仅 DS5 本地支持 / DSE 非本地或未列入",""
"加尔守护者：黑暗之仆","Gal Guardians: Servants of the Dark","本地支持","未列入","未列入","未列入","未列入","未列入","未列入","未列入","仅 DS5 本地支持 / DSE 非本地或未列入",""
"舍伍德帮","Gangs of Sherwood","本地支持","未列入","未列入","未列入","未列入","未列入","未列入","未列入","仅 DS5 本地支持 / DSE 非本地或未列入",""
"花园故事","Garden Story","本地支持","未列入","未列入","未列入","未列入","未列入","未列入","未列入","仅 DS5 本地支持 / DSE 非本地或未列入",""
"盖瑞模组","Garry's Mod","限制支持","未列入","未列入","未列入","未列入","未列入","未列入","未列入","限制支持",""
"战争机器：重装上阵","Gears of War: Reloaded","本地支持","未列入","未列入","未列入","未列入","未列入","未列入","未列入","仅 DS5 本地支持 / DSE 非本地或未列入",""
"神神：哪吒","Genigods: Nezha","本地支持","未列入","未列入","未列入","未列入","未列入","未列入","未列入","仅 DS5 本地支持 / DSE 非本地或未列入",""
"基因小孩","Genokids","本地支持","未列入","未列入","未列入","未列入","未列入","未列入","未列入","仅 DS5 本地支持 / DSE 非本地或未列入",""
"原神","Genshin Impact","本地支持","本地支持","限制支持","限制支持","需手动修复","需手动修复","本地支持","本地支持","DS5 与 DSE 本地支持","自适应扳机：DS5 限制支持，DSE 限制支持；触觉反馈：DS5 需手动修复，DSE 需手动修复；触摸板：DS5 触摸板 本地支持，第三方工具/自定义配置，Touchpad is used for text chat in co-op.； Mods: Custom config. Requires reWASD application to run. Uses the touchpad for interacting with a map.；DSE 触摸板 本地支持，原生支持，Native support. Touchpad is used for text chat in co-op."
"格尔达：冬天的火焰","Gerda: A Flame in Winter","本地支持","未列入","未列入","未列入","未列入","未列入","未列入","未列入","仅 DS5 本地支持 / DSE 非本地或未列入",""
"报仇","Get Even","本地支持","未列入","未列入","未列入","未列入","未列入","未列入","未列入","仅 DS5 本地支持 / DSE 非本地或未列入",""
"对马岛之魂 导演剪辑版","Ghost of Tsushima Director's Cut","本地支持","本地支持","本地支持","本地支持","本地支持","本地支持","未列入","未列入","DS5 与 DSE 本地支持","自适应扳机：DS5 本地支持，DSE 本地支持；触觉反馈：DS5 本地支持，DSE 本地支持"
"幽灵行者2","Ghostrunner 2","本地支持","未列入","未列入","未列入","未列入","未列入","未列入","未列入","仅 DS5 本地支持 / DSE 非本地或未列入",""
"幽灵线：东京","Ghostwire: Tokyo","本地支持","本地支持","本地支持","本地支持","本地支持","本地支持","本地支持","未列入","DS5 与 DSE 本地支持","自适应扳机：DS5 本地支持，DSE 本地支持；触觉反馈：DS5 本地支持，DSE 本地支持；触摸板：DS5 触摸板 本地支持，Changing weapons.Gesture-sealing"
"阴沉的眼睛","Gloomy Eyes","本地支持","未列入","未列入","未列入","未列入","未列入","未列入","未列入","仅 DS5 本地支持 / DSE 非本地或未列入",""
"回家安妮","Go Home Annie","本地支持","未列入","未列入","未列入","未列入","未列入","未列入","未列入","仅 DS5 本地支持 / DSE 非本地或未列入",""
"走吧！去！仓鼠大厨！","Go! Go! Hamster Chef!","本地支持","未列入","未列入","未列入","未列入","未列入","未列入","未列入","仅 DS5 本地支持 / DSE 非本地或未列入",""
"哥布林维克：盗贼大亨","Goblin Vyke: The Thief Tycoon","本地支持","未列入","未列入","未列入","未列入","未列入","未列入","未列入","仅 DS5 本地支持 / DSE 非本地或未列入",""
"战神","God of War","本地支持","未列入","需手动修复","未列入","未列入","未列入","未列入","未列入","仅 DS5 本地支持 / DSE 非本地或未列入","自适应扳机：DS5 需手动修复，DSE 未列入"
"战神：诸神黄昏","God of War Ragnarök","本地支持","本地支持","本地支持","本地支持","本地支持","本地支持","未列入","未列入","DS5 与 DSE 本地支持","自适应扳机：DS5 本地支持，DSE 本地支持；触觉反馈：DS5 本地支持，DSE 本地支持"
"破神者","Godbreakers","本地支持","未列入","未列入","未列入","未列入","未列入","未列入","未列入","仅 DS5 本地支持 / DSE 非本地或未列入",""
"哥斯拉体素战争","Godzilla Voxel Wars","本地支持","未列入","未列入","未列入","未列入","未列入","未列入","未列入","仅 DS5 本地支持 / DSE 非本地或未列入",""
"碧蓝幻想对战：崛起","Granblue Fantasy Versus: Rising","本地支持","未列入","未列入","未列入","未列入","未列入","未列入","未列入","仅 DS5 本地支持 / DSE 非本地或未列入",""
"侠盗猎车手 V 增强版","Grand Theft Auto V Enhanced","本地支持","本地支持","本地支持","本地支持","未列入","未列入","本地支持","本地支持","DS5 与 DSE 本地支持","自适应扳机：DS5 本地支持，DSE 本地支持；触摸板：DS5 触摸板 本地支持，原生支持，Native support.；DSE 触摸板 本地支持，原生支持，Native support. |}"
"侠盗猎车手：圣安地列斯","Grand Theft Auto: San Andreas","需手动修复","需手动修复","需手动修复","需手动修复","未列入","未列入","未列入","未列入","需要手动修复/改动","自适应扳机：DS5 需手动修复，DSE 需手动修复"
"贪婪之秋：垂死的世界","GreedFall: The Dying World","本地支持","未列入","未列入","未列入","未列入","未列入","未列入","未列入","仅 DS5 本地支持 / DSE 非本地或未列入",""
"超级房车赛：传奇","GRID Legends","限制支持","限制支持","未列入","未列入","未列入","未列入","未列入","未列入","限制支持",""
"污垢","Grime","本地支持","未列入","未列入","未列入","未列入","未列入","未列入","未列入","仅 DS5 本地支持 / DSE 非本地或未列入",""
"污垢II","Grime II","本地支持","未列入","未列入","未列入","未列入","未列入","未列入","未列入","仅 DS5 本地支持 / DSE 非本地或未列入",""
"高达创坏者 4","Gundam Breaker 4","限制支持","限制支持","未列入","未列入","未列入","未列入","未列入","未列入","限制支持",""
"枪火重生","Gunfire Reborn","本地支持","未列入","未列入","未列入","未列入","未列入","未列入","未列入","仅 DS5 本地支持 / DSE 非本地或未列入",""
"哈迪斯","Hades","本地支持","本地支持","未列入","未列入","未列入","未列入","未列入","未列入","DS5 与 DSE 本地支持",""
"哈迪斯 II","Hades II","本地支持","未列入","本地支持","未列入","未列入","未列入","未列入","未列入","仅 DS5 本地支持 / DSE 非本地或未列入","自适应扳机：DS5 本地支持，DSE 未列入"
"向彩虹致敬","Hail to the Rainbow","本地支持","未列入","未列入","未列入","未列入","未列入","未列入","未列入","仅 DS5 本地支持 / DSE 非本地或未列入",""
"半衰期 2","Half-Life 2","本地支持","本地支持","未列入","未列入","未列入","未列入","未列入","未列入","DS5 与 DSE 本地支持",""
"半衰期 2：第一章","Half-Life 2: Episode One","本地支持","本地支持","未列入","未列入","未列入","未列入","未列入","未列入","DS5 与 DSE 本地支持",""
"半衰期 2：第二章","Half-Life 2: Episode Two","本地支持","本地支持","未列入","未列入","未列入","未列入","未列入","未列入","DS5 与 DSE 本地支持",""
"半衰期 2：消失的海岸线","Half-Life 2: Lost Coast","本地支持","本地支持","未列入","未列入","未列入","未列入","未列入","未列入","DS5 与 DSE 本地支持",""
"半衰期 Legacy","Half-Life Legacy","限制支持","限制支持","未列入","未列入","未列入","未列入","未列入","未列入","限制支持",""
"万圣节","Halloween","本地支持","未列入","未列入","未列入","未列入","未列入","未列入","未列入","仅 DS5 本地支持 / DSE 非本地或未列入",""
"哈罗德大比目鱼","Harold Halibut","本地支持","未列入","未列入","未列入","未列入","未列入","未列入","未列入","仅 DS5 本地支持 / DSE 非本地或未列入",""
"哈利·波特：魁地奇冠军","Harry Potter: Quidditch Champions","本地支持","本地支持","未列入","未列入","未列入","未列入","未列入","未列入","DS5 与 DSE 本地支持",""
"急速","Haste","本地支持","未列入","未列入","未列入","本地支持","未列入","未列入","未列入","仅 DS5 本地支持 / DSE 非本地或未列入","触觉反馈：DS5 本地支持，DSE 未列入"
"祝你死得愉快","Have a Nice Death","本地支持","未列入","未列入","未列入","未列入","未列入","未列入","未列入","仅 DS5 本地支持 / DSE 非本地或未列入",""
"心丝虫","Heartworm","本地支持","未列入","未列入","未列入","未列入","未列入","未列入","未列入","仅 DS5 本地支持 / DSE 非本地或未列入",""
"海夫豪 2","Heave Ho 2","本地支持","未列入","未列入","未列入","未列入","未列入","未列入","未列入","仅 DS5 本地支持 / DSE 非本地或未列入",""
"我们就是地狱","Hell is Us","本地支持","本地支持","未列入","未列入","本地支持","本地支持","未列入","未列入","DS5 与 DSE 本地支持","触觉反馈：DS5 本地支持，DSE 本地支持"
"绝地潜兵 2","Helldivers 2","本地支持","本地支持","本地支持","本地支持","本地支持","本地支持","未列入","未列入","DS5 与 DSE 本地支持","自适应扳机：DS5 本地支持，DSE 本地支持；触觉反馈：DS5 本地支持，DSE 本地支持"
"你好陌生人","Hello Stranger","本地支持","未列入","未列入","未列入","未列入","未列入","未列入","未列入","仅 DS5 本地支持 / DSE 非本地或未列入",""
"完美音浪","Hi-Fi Rush","本地支持","本地支持","本地支持","本地支持","本地支持","本地支持","未列入","未列入","DS5 与 DSE 本地支持","自适应扳机：DS5 本地支持，DSE 本地支持；触觉反馈：DS5 本地支持，DSE 本地支持"
"高尚的生活","High on Life","本地支持","未列入","未列入","未列入","未列入","未列入","未列入","未列入","仅 DS5 本地支持 / DSE 非本地或未列入",""
"杀手：暗杀世界","Hitman: World of Assassination","本地支持","本地支持","未列入","未列入","未列入","未列入","未列入","未列入","DS5 与 DSE 本地支持",""
"霍格沃茨之遗","Hogwarts Legacy","本地支持","本地支持","未列入","未列入","本地支持","本地支持","未列入","未列入","DS5 与 DSE 本地支持","触觉反馈：DS5 本地支持，DSE 本地支持"
"空洞骑士","Hollow Knight","本地支持","本地支持","未列入","未列入","未列入","未列入","未列入","未列入","DS5 与 DSE 本地支持",""
"空洞骑士：丝之歌","Hollow Knight: Silksong","本地支持","未列入","未列入","未列入","未列入","未列入","未列入","未列入","仅 DS5 本地支持 / DSE 非本地或未列入",""
"HoloCure - 拯救粉丝！","HoloCure - Save the Fans!","本地支持","未列入","未列入","未列入","未列入","未列入","未列入","未列入","仅 DS5 本地支持 / DSE 非本地或未列入",""
"Hololive宝山","Hololive Treasure Mountain","本地支持","未列入","未列入","未列入","未列入","未列入","未列入","未列入","仅 DS5 本地支持 / DSE 非本地或未列入",""
"焰姬","Homura Hime","本地支持","未列入","未列入","未列入","未列入","未列入","未列入","未列入","仅 DS5 本地支持 / DSE 非本地或未列入",""
"崩坏：星穹铁道","Honkai: Star Rail","本地支持","本地支持","未列入","未列入","未列入","未列入","未列入","未列入","DS5 与 DSE 本地支持",""
"地平线：西之绝境","Horizon Forbidden West","本地支持","本地支持","本地支持","本地支持","本地支持","本地支持","未列入","未列入","DS5 与 DSE 本地支持","自适应扳机：DS5 本地支持，DSE 本地支持；触觉反馈：DS5 本地支持，DSE 本地支持"
"地平线猎人聚会","Horizon Hunters Gathering","本地支持","未列入","未列入","未列入","未列入","未列入","未列入","未列入","仅 DS5 本地支持 / DSE 非本地或未列入",""
"地平线：零之曙光 重制版","Horizon Zero Dawn Remastered","本地支持","本地支持","本地支持","本地支持","本地支持","本地支持","未列入","未列入","DS5 与 DSE 本地支持","自适应扳机：DS5 本地支持，DSE 本地支持；触觉反馈：DS5 本地支持，DSE 本地支持"
"热熔岩","Hot Lava","本地支持","未列入","未列入","未列入","未列入","未列入","未列入","未列入","仅 DS5 本地支持 / DSE 非本地或未列入",""
"风火轮 解放","Hot Wheels Unleashed","本地支持","本地支持","未列入","未列入","未列入","未列入","未列入","未列入","DS5 与 DSE 本地支持",""
"腐烂之屋","House of Decay","本地支持","未列入","未列入","未列入","未列入","未列入","未列入","未列入","仅 DS5 本地支持 / DSE 非本地或未列入",""
"超级光破坏者","Hyper Light Breaker","本地支持","未列入","未列入","未列入","未列入","未列入","未列入","未列入","仅 DS5 本地支持 / DSE 非本地或未列入",""
"我还活着","I Am Alive","本地支持","未列入","未列入","未列入","未列入","未列入","未列入","未列入","仅 DS5 本地支持 / DSE 非本地或未列入",""
"我是耶稣基督","I Am Jesus Christ","本地支持","未列入","未列入","未列入","未列入","未列入","未列入","未列入","仅 DS5 本地支持 / DSE 非本地或未列入",""
"I Am Your Beast","I Am Your Beast","限制支持","未列入","未列入","未列入","未列入","未列入","未列入","未列入","限制支持",""
"我讨厌这个地方","I Hate This Place","本地支持","未列入","未列入","未列入","未列入","未列入","未列入","未列入","仅 DS5 本地支持 / DSE 非本地或未列入",""
"生熊 冰冻罗盘","Ikuma The Frozen Compass","本地支持","未列入","未列入","未列入","未列入","未列入","未列入","未列入","仅 DS5 本地支持 / DSE 非本地或未列入",""
"阿维姆的不朽者","Immortals of Aveum","本地支持","本地支持","未列入","未列入","未列入","未列入","未列入","未列入","DS5 与 DSE 本地支持",""
"闪电十一人：英雄们的胜利之路","Inazuma Eleven: Victory Road","限制支持","未列入","未列入","未列入","未列入","未列入","未列入","未列入","限制支持",""
"夺宝奇兵：古老之圈","Indiana Jones and the Great Circle","本地支持","本地支持","本地支持","本地支持","本地支持","本地支持","未列入","未列入","DS5 与 DSE 本地支持","自适应扳机：DS5 本地支持，DSE 本地支持；触觉反馈：DS5 本地支持，DSE 本地支持"
"工业2","Industria 2","本地支持","未列入","未列入","未列入","未列入","未列入","未列入","未列入","仅 DS5 本地支持 / DSE 非本地或未列入",""
"无限暖暖","Infinity Nikki","本地支持","本地支持","未列入","未列入","本地支持","本地支持","未列入","未列入","DS5 与 DSE 本地支持","触觉反馈：DS5 本地支持，DSE 本地支持"
"侵入","Ingression","本地支持","未列入","未列入","未列入","未列入","未列入","未列入","未列入","仅 DS5 本地支持 / DSE 非本地或未列入",""
"幕后密室","Inside the Backrooms","本地支持","未列入","未列入","未列入","未列入","未列入","未列入","未列入","仅 DS5 本地支持 / DSE 非本地或未列入",""
"无敌礼物：原子夏娃","Invincible Presents: Atom Eve","本地支持","未列入","未列入","未列入","未列入","未列入","未列入","未列入","仅 DS5 本地支持 / DSE 非本地或未列入",""
"无敌VS","Invincible VS","本地支持","未列入","未列入","未列入","未列入","未列入","未列入","未列入","仅 DS5 本地支持 / DSE 非本地或未列入",""
"赛车街机","IRacing Arcade","本地支持","本地支持","未列入","未列入","未列入","未列入","未列入","未列入","DS5 与 DSE 本地支持",""
"愤怒：序幕","Ire: A Prologue","本地支持","未列入","未列入","未列入","未列入","未列入","未列入","未列入","仅 DS5 本地支持 / DSE 非本地或未列入",""
"铁荆棘","Iron Bramble","本地支持","未列入","未列入","未列入","未列入","未列入","未列入","未列入","仅 DS5 本地支持 / DSE 非本地或未列入",""
"铁肺","Iron Lung","本地支持","未列入","未列入","未列入","未列入","未列入","未列入","未列入","仅 DS5 本地支持 / DSE 非本地或未列入",""
"双人成行","It Takes Two","本地支持","未列入","未列入","未列入","未列入","未列入","未列入","未列入","仅 DS5 本地支持 / DSE 非本地或未列入",""
"杰克和达斯特：先行者遗产 (OpenGOAL)","Jak and Daxter: The Precursor Legacy (OpenGOAL)","本地支持","本地支持","未列入","未列入","未列入","未列入","未列入","未列入","DS5 与 DSE 本地支持",""
"杰克 II (OpenGOAL)","Jak II (OpenGOAL)","本地支持","本地支持","本地支持","本地支持","未列入","未列入","未列入","未列入","DS5 与 DSE 本地支持","自适应扳机：DS5 本地支持，DSE 本地支持"
"杰伊和沉默鲍勃：慢性钝击","Jay and Silent Bob: Chronic Blunt Punch","本地支持","未列入","未列入","未列入","未列入","未列入","未列入","未列入","仅 DS5 本地支持 / DSE 非本地或未列入",""
"约翰·卡朋特的有毒突击队","John Carpenter's Toxic Commando","本地支持","未列入","本地支持","未列入","未列入","未列入","未列入","未列入","仅 DS5 本地支持 / DSE 非本地或未列入","自适应扳机：DS5 本地支持，DSE 未列入"
"审判之眼：死神的遗言","Judgment","本地支持","未列入","未列入","未列入","未列入","未列入","未列入","未列入","仅 DS5 本地支持 / DSE 非本地或未列入",""
"跳跃的爵士猫","Jumping Jazz Cats","本地支持","未列入","未列入","未列入","未列入","未列入","未列入","未列入","仅 DS5 本地支持 / DSE 非本地或未列入",""
"卡塔诺特","Katanaut","本地支持","未列入","未列入","未列入","未列入","未列入","未列入","未列入","仅 DS5 本地支持 / DSE 非本地或未列入",""
"柯娜：科斯莫拉之痕","Kena: Scars of Kosmora","本地支持","未列入","未列入","未列入","未列入","未列入","未列入","未列入","仅 DS5 本地支持 / DSE 非本地或未列入",""
"基博格","Kiborg","本地支持","未列入","未列入","未列入","未列入","未列入","未列入","未列入","仅 DS5 本地支持 / DSE 非本地或未列入",""
"基堡：竞技场","Kiborg: Arena","本地支持","未列入","未列入","未列入","未列入","未列入","未列入","未列入","仅 DS5 本地支持 / DSE 非本地或未列入",""
"杀手7","Killer7","本地支持","未列入","未列入","未列入","未列入","未列入","未列入","未列入","仅 DS5 本地支持 / DSE 非本地或未列入",""
"杀戮空间 3","Killing Floor 3","限制支持","未列入","未列入","未列入","未列入","未列入","未列入","未列入","限制支持",""
"杀戮时间：复活","Killing Time: Resurrected","本地支持","未列入","未列入","未列入","未列入","未列入","未列入","未列入","仅 DS5 本地支持 / DSE 非本地或未列入",""
"天国：拯救 II","Kingdom Come: Deliverance II","本地支持","未列入","本地支持","未列入","未列入","未列入","未列入","未列入","仅 DS5 本地支持 / DSE 非本地或未列入","自适应扳机：DS5 本地支持，DSE 未列入"
"王国：八十年代","Kingdom: Eighties","本地支持","未列入","未列入","未列入","未列入","未列入","未列入","未列入","仅 DS5 本地支持 / DSE 非本地或未列入",""
"主销：重装上阵","Kingpin: Reloaded","本地支持","未列入","未列入","未列入","未列入","未列入","未列入","未列入","仅 DS5 本地支持 / DSE 非本地或未列入",""
"狭小空间中的骑士","Knights in Tight Spaces","本地支持","未列入","未列入","未列入","未列入","未列入","未列入","未列入","仅 DS5 本地支持 / DSE 非本地或未列入",""
"小伊拉","Koira","本地支持","未列入","未列入","未列入","未列入","未列入","未列入","未列入","仅 DS5 本地支持 / DSE 非本地或未列入",""
"科乐美典藏系列：恶魔城 & 魂斗罗","Konami Collector's Series: Castlevania & Contra","限制支持","未列入","未列入","未列入","未列入","未列入","未列入","未列入","限制支持",""
"科什马尔：最后的遐想","Koshmar: The Last Reverie","本地支持","未列入","未列入","未列入","未列入","未列入","未列入","未列入","仅 DS5 本地支持 / DSE 非本地或未列入",""
"小玉和学院城堡","Kotama and Academy Citadel","本地支持","未列入","未列入","未列入","未列入","未列入","未列入","未列入","仅 DS5 本地支持 / DSE 非本地或未列入",""
"拉基梅拉","La Quimera","本地支持","未列入","未列入","未列入","未列入","未列入","未列入","未列入","仅 DS5 本地支持 / DSE 非本地或未列入",""
"最后纪元","Last Epoch","本地支持","未列入","未列入","未列入","未列入","未列入","未列入","未列入","仅 DS5 本地支持 / DSE 非本地或未列入",""
"洗衣模拟器","Laundering Simulator","本地支持","未列入","未列入","未列入","未列入","未列入","未列入","未列入","仅 DS5 本地支持 / DSE 非本地或未列入",""
"求生之路 2","Left 4 Dead 2","本地支持","未列入","未列入","未列入","未列入","未列入","未列入","未列入","仅 DS5 本地支持 / DSE 非本地或未列入",""
"凯恩的遗产：崛起","Legacy of Kain: Ascendance","本地支持","未列入","未列入","未列入","未列入","未列入","未列入","未列入","仅 DS5 本地支持 / DSE 非本地或未列入",""
"凯恩的遗产：反抗重制版","Legacy of Kain: Defiance Remastered","本地支持","未列入","未列入","未列入","未列入","未列入","未列入","未列入","仅 DS5 本地支持 / DSE 非本地或未列入",""
"凯恩的遗产：灵魂掠夺者 1 和 2 重制版","Legacy of Kain: Soul Reaver 1 & 2 Remastered","本地支持","未列入","未列入","未列入","未列入","未列入","未列入","未列入","仅 DS5 本地支持 / DSE 非本地或未列入",""
"乐高地平线历险记","Lego Horizon Adventures","本地支持","未列入","未列入","未列入","本地支持","未列入","未列入","未列入","仅 DS5 本地支持 / DSE 非本地或未列入","触觉反馈：DS5 本地支持，DSE 未列入"
"乐高派对","Lego Party","本地支持","未列入","未列入","未列入","未列入","未列入","未列入","未列入","仅 DS5 本地支持 / DSE 非本地或未列入",""
"乐高星球大战：天行者传奇","Lego Star Wars: The Skywalker Saga","本地支持","未列入","未列入","未列入","未列入","未列入","未列入","未列入","仅 DS5 本地支持 / DSE 非本地或未列入",""
"乐高航海者号","Lego Voyagers","本地支持","未列入","未列入","未列入","未列入","未列入","未列入","未列入","仅 DS5 本地支持 / DSE 非本地或未列入",""
"匹诺曹的谎言","Lies of P","本地支持","本地支持","未列入","未列入","未列入","未列入","未列入","未列入","DS5 与 DSE 本地支持",""
"奇异人生：双重曝光","Life Is Strange: Double Exposure","限制支持","未列入","未列入","未列入","未列入","未列入","未列入","未列入","限制支持",""
"奇异人生：重聚","Life Is Strange: Reunion","本地支持","未列入","未列入","未列入","未列入","未列入","未列入","未列入","仅 DS5 本地支持 / DSE 非本地或未列入",""
"人中之龙7外传：无名之龙","Like a Dragon Gaiden: The Man Who Erased His Name","本地支持","未列入","未列入","未列入","未列入","未列入","未列入","未列入","仅 DS5 本地支持 / DSE 非本地或未列入",""
"人中之龙 8","Like a Dragon: Infinite Wealth","本地支持","未列入","未列入","未列入","未列入","未列入","未列入","未列入","仅 DS5 本地支持 / DSE 非本地或未列入",""
"人中之龙 维新！极","Like a Dragon: Ishin!","本地支持","未列入","未列入","未列入","未列入","未列入","未列入","未列入","仅 DS5 本地支持 / DSE 非本地或未列入",""
"人中之龙8外传：夏威夷海盗","Like a Dragon: Pirate Yakuza in Hawaii","本地支持","本地支持","未列入","未列入","未列入","未列入","未列入","未列入","DS5 与 DSE 本地支持",""
"小鳄鱼游戏","Lil Gator Game","本地支持","未列入","未列入","未列入","未列入","未列入","未列入","未列入","仅 DS5 本地支持 / DSE 非本地或未列入",""
"小猫咪，大城市","Little Kitty, Big City","本地支持","未列入","未列入","未列入","未列入","未列入","未列入","未列入","仅 DS5 本地支持 / DSE 非本地或未列入",""
"小小噩梦加强版","Little Nightmares Enhanced Edition","本地支持","未列入","未列入","未列入","未列入","未列入","未列入","未列入","仅 DS5 本地支持 / DSE 非本地或未列入",""
"小小噩梦 III","Little Nightmares III","本地支持","未列入","未列入","未列入","未列入","未列入","未列入","未列入","仅 DS5 本地支持 / DSE 非本地或未列入",""
"孤独的山脉：下坡","Lonely Mountains: Downhill","本地支持","未列入","未列入","未列入","未列入","未列入","未列入","未列入","仅 DS5 本地支持 / DSE 非本地或未列入",""
"孤山：雪骑士","Lonely Mountains: Snow Riders","本地支持","未列入","未列入","未列入","未列入","未列入","未列入","未列入","仅 DS5 本地支持 / DSE 非本地或未列入",""
"堕落之主（2023）","Lords of the Fallen (2023)","本地支持","本地支持","未列入","未列入","本地支持","本地支持","未列入","未列入","DS5 与 DSE 本地支持","触觉反馈：DS5 本地支持，DSE 本地支持"
"失落的城堡","Lost Castle","本地支持","未列入","未列入","未列入","未列入","未列入","未列入","未列入","仅 DS5 本地支持 / DSE 非本地或未列入",""
"失落的幻象：女巫的面纱","Lost Eidolons: Veil of the Witch","本地支持","未列入","未列入","未列入","未列入","未列入","未列入","未列入","仅 DS5 本地支持 / DSE 非本地或未列入",""
"审判之逝：湮灭的记忆","Lost Judgment","本地支持","未列入","未列入","未列入","未列入","未列入","未列入","未列入","仅 DS5 本地支持 / DSE 非本地或未列入",""
"失落之魂","Lost Soul Aside","本地支持","本地支持","本地支持","本地支持","本地支持","本地支持","未列入","未列入","DS5 与 DSE 本地支持","自适应扳机：DS5 本地支持，DSE 本地支持；触觉反馈：DS5 本地支持，DSE 本地支持"
"楼兰：诅咒之沙","Loulan: The Cursed Sand","本地支持","未列入","未列入","未列入","未列入","未列入","未列入","未列入","仅 DS5 本地支持 / DSE 非本地或未列入",""
"洛维什","Lovish","本地支持","未列入","未列入","未列入","未列入","未列入","未列入","未列入","仅 DS5 本地支持 / DSE 非本地或未列入",""
"Luto","Luto","限制支持","未列入","未列入","未列入","本地支持","未列入","未列入","未列入","限制支持","触觉反馈：DS5 本地支持，DSE 未列入"
"麦登 NFL 24","Madden NFL 24","本地支持","本地支持","未列入","未列入","未列入","未列入","未列入","未列入","DS5 与 DSE 本地支持",""
"劲爆 NFL 25","Madden NFL 25","本地支持","本地支持","未列入","未列入","未列入","未列入","未列入","未列入","DS5 与 DSE 本地支持",""
"四海兄弟：故乡","Mafia: The Old Country","本地支持","未列入","未列入","未列入","未列入","未列入","未列入","未列入","仅 DS5 本地支持 / DSE 非本地或未列入",""
"曼陀罗：女巫树的低语","Mandragora: Whispers of the Witch Tree","本地支持","未列入","未列入","未列入","未列入","未列入","未列入","未列入","仅 DS5 本地支持 / DSE 非本地或未列入",""
"马拉松（2026）","Marathon (2026)","本地支持","未列入","未列入","未列入","本地支持","未列入","未列入","未列入","仅 DS5 本地支持 / DSE 非本地或未列入","触觉反馈：DS5 本地支持，DSE 未列入"
"马拉松重新编译","Marathon Recompiled","本地支持","本地支持","未列入","未列入","未列入","未列入","未列入","未列入","DS5 与 DSE 本地支持",""
"马里奥赛车 64（意大利面条卡丁车）","Mario Kart 64 (SpaghettiKart)","本地支持","未列入","未列入","未列入","未列入","未列入","未列入","未列入","仅 DS5 本地支持 / DSE 非本地或未列入",""
"戒严：我们的春天","Martial Law: Our Spring","本地支持","未列入","未列入","未列入","未列入","未列入","未列入","未列入","仅 DS5 本地支持 / DSE 非本地或未列入",""
"漫威宇宙入侵","Marvel Cosmic Invasion","本地支持","本地支持","未列入","未列入","未列入","未列入","未列入","未列入","DS5 与 DSE 本地支持",""
"漫威争锋","Marvel Rivals","本地支持","本地支持","本地支持","本地支持","本地支持","本地支持","未列入","未列入","DS5 与 DSE 本地支持","自适应扳机：DS5 本地支持，DSE 本地支持；触觉反馈：DS5 本地支持，DSE 本地支持"
"漫威 vs. 卡普空格斗合集：街机经典","Marvel vs. Capcom Fighting Collection: Arcade Classics","限制支持","未列入","未列入","未列入","未列入","未列入","未列入","未列入","限制支持",""
"漫威蜘蛛侠 2","Marvel's Spider-Man 2","本地支持","本地支持","本地支持","本地支持","本地支持","本地支持","未列入","未列入","DS5 与 DSE 本地支持","自适应扳机：DS5 本地支持，DSE 本地支持；触觉反馈：DS5 本地支持，DSE 本地支持"
"漫威蜘蛛侠 重制版","Marvel's Spider-Man Remastered","本地支持","本地支持","本地支持","本地支持","限制支持","限制支持","未列入","未列入","DS5 与 DSE 本地支持","自适应扳机：DS5 本地支持，DSE 本地支持；触觉反馈：DS5 限制支持，DSE 限制支持"
"漫威蜘蛛侠：迈尔斯·莫拉莱斯","Marvel's Spider-Man: Miles Morales","本地支持","本地支持","本地支持","本地支持","限制支持","限制支持","未列入","未列入","DS5 与 DSE 本地支持","自适应扳机：DS5 本地支持，DSE 本地支持；触觉反馈：DS5 限制支持，DSE 限制支持"
"机甲突破","Mecha Break","本地支持","本地支持","本地支持","本地支持","未列入","未列入","未列入","未列入","DS5 与 DSE 本地支持","自适应扳机：DS5 本地支持，DSE 本地支持"
"洛克人星际力量遗产系列","Mega Man Star Force Legacy Collection","本地支持","未列入","未列入","未列入","未列入","未列入","未列入","未列入","仅 DS5 本地支持 / DSE 非本地或未列入",""
"洛克人 X 传奇合集","Mega Man X Legacy Collection","需手动修复","需手动修复","未列入","未列入","未列入","未列入","未列入","未列入","需要手动修复/改动",""
"洛克人 X 传奇合集 2","Mega Man X Legacy Collection 2","需手动修复","需手动修复","未列入","未列入","未列入","未列入","未列入","未列入","需要手动修复/改动",""
"洛克人 X8","Mega Man X8","限制支持","未列入","未列入","未列入","未列入","未列入","未列入","未列入","限制支持",""
"百万吨级武藏：有线","Megaton Musashi: Wired","本地支持","未列入","未列入","未列入","未列入","未列入","未列入","未列入","仅 DS5 本地支持 / DSE 非本地或未列入",""
"合金装备 & 合金装备 2：Solid Snake 大师合集版","Metal Gear & Metal Gear 2: Solid Snake - Master Collection Version","限制支持","限制支持","未列入","未列入","未列入","未列入","未列入","未列入","限制支持",""
"合金装备（NES）& 合金装备 2：Snake's Revenge（NES）大师合集版","Metal Gear (NES) & Metal Gear 2: Snake's Revenge (NES) - Master Collection Version","限制支持","限制支持","未列入","未列入","未列入","未列入","未列入","未列入","限制支持",""
"合金装备 Solid 大师合集版","Metal Gear Solid - Master Collection Version","限制支持","限制支持","未列入","未列入","未列入","未列入","未列入","未列入","限制支持",""
"合金装备 Solid 2：自由之子 大师合集版","Metal Gear Solid 2: Sons of Liberty - Master Collection Version","限制支持","限制支持","未列入","未列入","未列入","未列入","未列入","未列入","限制支持",""
"合金装备 Solid 3：食蛇者 大师合集版","Metal Gear Solid 3: Snake Eater - Master Collection Version","限制支持","限制支持","未列入","未列入","未列入","未列入","未列入","未列入","限制支持",""
"合金装备 Δ：食蛇者","Metal Gear Solid Δ: Snake Eater","本地支持","未列入","未列入","未列入","限制支持","未列入","未列入","未列入","仅 DS5 本地支持 / DSE 非本地或未列入","触觉反馈：DS5 限制支持，DSE 未列入"
"合金弹头攻击重装上阵","Metal Slug Attack Reloaded","本地支持","未列入","未列入","未列入","未列入","未列入","未列入","未列入","仅 DS5 本地支持 / DSE 非本地或未列入",""
"合金弹头战术","Metal Slug Tactics","本地支持","未列入","未列入","未列入","未列入","未列入","未列入","未列入","仅 DS5 本地支持 / DSE 非本地或未列入",""
"暗喻幻想：ReFantazio","Metaphor: ReFantazio","限制支持","限制支持","未列入","未列入","未列入","未列入","未列入","未列入","限制支持",""
"地铁：离去 增强版","Metro Exodus Enhanced Edition","本地支持","未列入","本地支持","未列入","本地支持","未列入","未列入","未列入","仅 DS5 本地支持 / DSE 非本地或未列入","自适应扳机：DS5 本地支持，DSE 未列入；触觉反馈：DS5 本地支持，DSE 未列入"
"妙见基因","Mewgenics","本地支持","未列入","未列入","未列入","未列入","未列入","未列入","未列入","仅 DS5 本地支持 / DSE 非本地或未列入",""
"空心者米娜","Mina the Hollower","本地支持","未列入","未列入","未列入","未列入","未列入","未列入","未列入","仅 DS5 本地支持 / DSE 非本地或未列入",""
"心灵感应磁铁","Mind Over Magnet","本地支持","未列入","未列入","未列入","未列入","未列入","未列入","未列入","仅 DS5 本地支持 / DSE 非本地或未列入",""
"心灵之眼","MindsEye","本地支持","未列入","本地支持","未列入","本地支持","未列入","未列入","未列入","仅 DS5 本地支持 / DSE 非本地或未列入","自适应扳机：DS5 本地支持，DSE 未列入；触觉反馈：DS5 本地支持，DSE 未列入"
"MIO：轨道上的记忆","MIO: Memories in Orbit","本地支持","未列入","未列入","未列入","未列入","未列入","未列入","未列入","仅 DS5 本地支持 / DSE 非本地或未列入",""
"Mixtape","Mixtape","限制支持","未列入","未列入","未列入","未列入","未列入","未列入","未列入","限制支持",""
"怪物猎人物语","Monster Hunter Stories","本地支持","未列入","未列入","未列入","未列入","未列入","未列入","未列入","仅 DS5 本地支持 / DSE 非本地或未列入",""
"怪物猎人物语 3：命运双龙","Monster Hunter Stories 3: Twisted Reflection","限制支持","限制支持","未列入","未列入","未列入","未列入","未列入","未列入","限制支持",""
"怪物猎人：荒野","Monster Hunter Wilds","限制支持","限制支持","本地支持","本地支持","本地支持","本地支持","未列入","未列入","限制支持","自适应扳机：DS5 本地支持，DSE 本地支持；触觉反馈：DS5 本地支持，DSE 本地支持"
"纪念碑谷 2：全景版","Monument Valley 2: Panoramic Edition","本地支持","未列入","未列入","未列入","未列入","未列入","未列入","未列入","仅 DS5 本地支持 / DSE 非本地或未列入",""
"纪念碑谷3","Monument Valley 3","本地支持","未列入","未列入","未列入","未列入","未列入","未列入","未列入","仅 DS5 本地支持 / DSE 非本地或未列入",""
"纪念碑谷：全景版","Monument Valley: Panoramic Edition","本地支持","未列入","未列入","未列入","未列入","未列入","未列入","未列入","仅 DS5 本地支持 / DSE 非本地或未列入",""
"姆明滚动：冬日的温暖","Moomintroll: Winter's Warmth","本地支持","未列入","未列入","未列入","未列入","未列入","未列入","未列入","仅 DS5 本地支持 / DSE 非本地或未列入",""
"病态金属","Morbid Metal","本地支持","未列入","未列入","未列入","未列入","未列入","未列入","未列入","仅 DS5 本地支持 / DSE 非本地或未列入",""
"母亲：安可","MOTHER: Encore","本地支持","未列入","未列入","未列入","未列入","未列入","未列入","未列入","仅 DS5 本地支持 / DSE 非本地或未列入",""
"鼠标：P.I.出租","Mouse: P.I. For Hire","本地支持","未列入","未列入","未列入","未列入","未列入","未列入","未列入","仅 DS5 本地支持 / DSE 非本地或未列入",""
"我的英雄学院：All's Justice","My Hero Academia: All's Justice","限制支持","未列入","未列入","未列入","未列入","未列入","未列入","未列入","限制支持",""
"纳斯卡 25","NASCAR 25","本地支持","未列入","未列入","未列入","未列入","未列入","未列入","未列入","仅 DS5 本地支持 / DSE 非本地或未列入",""
"NASCAR Racing 2003 Season","NASCAR Racing 2003 Season","限制支持","限制支持","未列入","未列入","未列入","未列入","未列入","未列入","限制支持",""
"Necesse","Necesse","限制支持","限制支持","未列入","未列入","未列入","未列入","未列入","未列入","限制支持",""
"极品飞车：不羁","Need for Speed Unbound","本地支持","本地支持","未列入","未列入","未列入","未列入","未列入","未列入","DS5 与 DSE 本地支持",""
"海王星骑士 VS 杜古斯","Neptunia Riders VS Dogoos","本地支持","未列入","未列入","未列入","未列入","未列入","未列入","未列入","仅 DS5 本地支持 / DSE 非本地或未列入",""
"幽冥盟约","Netherworld Covenant","本地支持","未列入","未列入","未列入","未列入","未列入","未列入","未列入","仅 DS5 本地支持 / DSE 非本地或未列入",""
"涅瓦河","Neva","本地支持","未列入","本地支持","未列入","未列入","未列入","未列入","未列入","仅 DS5 本地支持 / DSE 非本地或未列入","自适应扳机：DS5 本地支持，DSE 未列入"
"永不坟墓：女巫与诅咒","Never Grave: The Witch and The Curse","本地支持","未列入","未列入","未列入","未列入","未列入","未列入","未列入","仅 DS5 本地支持 / DSE 非本地或未列入",""
"从永远到永远","Neverness to Everness","本地支持","未列入","本地支持","未列入","本地支持","未列入","未列入","未列入","仅 DS5 本地支持 / DSE 非本地或未列入","自适应扳机：DS5 本地支持，DSE 未列入；触觉反馈：DS5 本地支持，DSE 未列入"
"新世界","New World","未列入","未列入","未列入","未列入","未列入","未列入","需手动修复","未列入","触摸板页面补充（第三方/Steam）","触摸板：DS5 触摸板 需手动修复，第三方工具/自定义配置，Custom config. Requires reWASD application to run. Map navigation."
"尼克频道全明星乱斗 2","Nickelodeon All-Star Brawl 2","本地支持","未列入","未列入","未列入","未列入","未列入","未列入","未列入","仅 DS5 本地支持 / DSE 非本地或未列入",""
"尼格特故事","Nigate Tale","本地支持","未列入","未列入","未列入","未列入","未列入","未列入","未列入","仅 DS5 本地支持 / DSE 非本地或未列入",""
"夜跑者序幕","Night-Runners Prologue","本地支持","未列入","未列入","未列入","未列入","未列入","未列入","未列入","仅 DS5 本地支持 / DSE 非本地或未列入",""
"Nikoderiko：魔法世界","Nikoderiko: The Magical World","本地支持","本地支持","未列入","未列入","未列入","未列入","未列入","未列入","DS5 与 DSE 本地支持",""
"九日","Nine Sols","本地支持","本地支持","未列入","未列入","未列入","未列入","未列入","未列入","DS5 与 DSE 本地支持",""
"忍者龙剑传 2 黑之章","Ninja Gaiden 2 Black","本地支持","本地支持","未列入","未列入","未列入","未列入","未列入","未列入","DS5 与 DSE 本地支持",""
"忍者龙剑传 4","Ninja Gaiden 4","本地支持","本地支持","未列入","未列入","本地支持","本地支持","未列入","未列入","DS5 与 DSE 本地支持","触觉反馈：DS5 本地支持，DSE 本地支持"
"仁王 3","Nioh 3","本地支持","未列入","本地支持","未列入","本地支持","未列入","未列入","未列入","仅 DS5 本地支持 / DSE 非本地或未列入","自适应扳机：DS5 本地支持，DSE 未列入；触觉反馈：DS5 本地支持，DSE 未列入"
"仁王 完全版","Nioh: Complete Edition","本地支持","未列入","未列入","未列入","未列入","未列入","未列入","未列入","仅 DS5 本地支持 / DSE 非本地或未列入",""
"没有法律","No Law","本地支持","未列入","未列入","未列入","未列入","未列入","未列入","未列入","仅 DS5 本地支持 / DSE 非本地或未列入",""
"无人深空","No Man's Sky","本地支持","本地支持","本地支持","本地支持","限制支持","限制支持","未列入","未列入","DS5 与 DSE 本地支持","自适应扳机：DS5 本地支持，DSE 本地支持；触觉反馈：DS5 限制支持，DSE 限制支持"
"英雄不再","No More Heroes","限制支持","限制支持","未列入","未列入","未列入","未列入","未列入","未列入","限制支持",""
"英雄不再 2：垂死挣扎","No More Heroes 2: Desperate Struggle","限制支持","限制支持","未列入","未列入","未列入","未列入","未列入","未列入","限制支持",""
"不再下雪了","No More Snow","本地支持","未列入","未列入","未列入","未列入","未列入","未列入","未列入","仅 DS5 本地支持 / DSE 非本地或未列入",""
"恶人不得安息","No Rest for the Wicked","本地支持","未列入","未列入","未列入","未列入","未列入","未列入","未列入","仅 DS5 本地支持 / DSE 非本地或未列入",""
"为了要约会不睡觉","No Sleep For Kaname Date","本地支持","未列入","未列入","未列入","未列入","未列入","未列入","未列入","仅 DS5 本地支持 / DSE 非本地或未列入",""
"不，我不是人类","No, I'm Not a Human","本地支持","未列入","未列入","未列入","未列入","未列入","未列入","未列入","仅 DS5 本地支持 / DSE 非本地或未列入",""
"夜间2","Nocturnal 2","本地支持","未列入","未列入","未列入","未列入","未列入","未列入","未列入","仅 DS5 本地支持 / DSE 非本地或未列入",""
"NODE：安塔里人的最后恩惠","NODE: The Last Favor of the Antarii","本地支持","未列入","未列入","未列入","未列入","未列入","未列入","未列入","仅 DS5 本地支持 / DSE 非本地或未列入",""
"诺伊塔","Noita","本地支持","未列入","未列入","未列入","未列入","未列入","未列入","未列入","仅 DS5 本地支持 / DSE 非本地或未列入",""
"无处可去，密歇根州","Nowhere, MI","本地支持","未列入","未列入","未列入","未列入","未列入","未列入","未列入","仅 DS5 本地支持 / DSE 非本地或未列入",""
"对象无常","Object Impermanence","本地支持","未列入","未列入","未列入","未列入","未列入","未列入","未列入","仅 DS5 本地支持 / DSE 非本地或未列入",""
"八方旅人 0","Octopath Traveler 0","本地支持","未列入","未列入","未列入","未列入","未列入","未列入","未列入","仅 DS5 本地支持 / DSE 非本地或未列入",""
"关闭（2025）","OFF (2025)","本地支持","未列入","未列入","未列入","未列入","未列入","未列入","未列入","仅 DS5 本地支持 / DSE 非本地或未列入",""
"大神 绝景版","Okami HD","限制支持","限制支持","未列入","未列入","未列入","未列入","未列入","未列入","限制支持",""
"OlliOlli2：欢迎来到 Olliwood","OlliOlli2: Welcome to Olliwood","本地支持","未列入","未列入","未列入","未列入","未列入","未列入","未列入","仅 DS5 本地支持 / DSE 非本地或未列入",""
"片魂从前","Once Upon a Katamari","本地支持","未列入","未列入","未列入","未列入","未列入","未列入","未列入","仅 DS5 本地支持 / DSE 非本地或未列入",""
"独眼利科","One-Eyed Likho","本地支持","未列入","未列入","未列入","未列入","未列入","未列入","未列入","仅 DS5 本地支持 / DSE 非本地或未列入",""
"OneShot：世界机器版","Oneshot: World Machine Edition","限制支持","限制支持","未列入","未列入","未列入","未列入","未列入","未列入","限制支持",""
"Onirism","Onirism","限制支持","未列入","未列入","未列入","未列入","未列入","未列入","未列入","限制支持",""
"作品：棱镜峰","Opus: Prism Peak","本地支持","未列入","未列入","未列入","未列入","未列入","未列入","未列入","仅 DS5 本地支持 / DSE 非本地或未列入",""
"其他皮肤","Otherskin","本地支持","未列入","未列入","未列入","未列入","未列入","未列入","未列入","仅 DS5 本地支持 / DSE 非本地或未列入",""
"看不见的地方","Out of Sight","本地支持","未列入","未列入","未列入","未列入","未列入","未列入","未列入","仅 DS5 本地支持 / DSE 非本地或未列入",""
"出境","Outbound","本地支持","未列入","未列入","未列入","未列入","未列入","未列入","未列入","仅 DS5 本地支持 / DSE 非本地或未列入",""
"外向2","Outward 2","本地支持","未列入","未列入","未列入","未列入","未列入","未列入","未列入","仅 DS5 本地支持 / DSE 非本地或未列入",""
"守望先锋 2","Overwatch 2","本地支持","本地支持","本地支持","本地支持","未列入","未列入","未列入","未列入","DS5 与 DSE 本地支持","自适应扳机：DS5 本地支持，DSE 本地支持"
"超自然车旅","Pacific Drive","本地支持","未列入","本地支持","未列入","本地支持","未列入","未列入","未列入","仅 DS5 本地支持 / DSE 非本地或未列入","自适应扳机：DS5 本地支持，DSE 未列入；触觉反馈：DS5 本地支持，DSE 未列入"
"吃豆人博物馆+","Pac-Man Museum Plus","限制支持","未列入","未列入","未列入","未列入","未列入","未列入","未列入","限制支持",""
"吃豆人世界 2 Re-Pac","Pac-Man World 2 Re-Pac","限制支持","限制支持","未列入","未列入","未列入","未列入","未列入","未列入","限制支持",""
"止痛药 (2025)","Painkiller (2025)","本地支持","未列入","本地支持","未列入","本地支持","未列入","未列入","未列入","仅 DS5 本地支持 / DSE 非本地或未列入","自适应扳机：DS5 本地支持，DSE 未列入；触觉反馈：DS5 本地支持，DSE 未列入"
"寄生虫突变体","Parasite Mutant","本地支持","未列入","未列入","未列入","未列入","未列入","未列入","未列入","仅 DS5 本地支持 / DSE 非本地或未列入",""
"包裹军团","Parcel Corps","本地支持","未列入","未列入","未列入","未列入","未列入","未列入","未列入","仅 DS5 本地支持 / DSE 非本地或未列入",""
"猛兽派对","Party Animals","本地支持","未列入","未列入","未列入","未列入","未列入","未列入","未列入","仅 DS5 本地支持 / DSE 非本地或未列入",""
"帕塔蓬 1 + 2 重播","Patapon 1 + 2 Replay","本地支持","未列入","未列入","未列入","未列入","未列入","未列入","未列入","仅 DS5 本地支持 / DSE 非本地或未列入",""
"病理3","Pathologic 3","本地支持","未列入","未列入","未列入","未列入","未列入","未列入","未列入","仅 DS5 本地支持 / DSE 非本地或未列入",""
"收获日 3","Payday 3","本地支持","未列入","未列入","未列入","未列入","未列入","未列入","未列入","仅 DS5 本地支持 / DSE 非本地或未列入",""
"昔日的山峰","Peaks of Yore","本地支持","未列入","未列入","未列入","未列入","未列入","未列入","未列入","仅 DS5 本地支持 / DSE 非本地或未列入",""
"佩妮的大突破","Penny's Big Breakaway","本地支持","未列入","未列入","未列入","未列入","未列入","未列入","未列入","仅 DS5 本地支持 / DSE 非本地或未列入",""
"胡椒研磨机","Pepper Grinder","本地支持","未列入","未列入","未列入","未列入","未列入","未列入","未列入","仅 DS5 本地支持 / DSE 非本地或未列入",""
"女神异闻录 3 携带版","Persona 3 Portable","本地支持","未列入","未列入","未列入","未列入","未列入","未列入","未列入","仅 DS5 本地支持 / DSE 非本地或未列入",""
"女神异闻录 3 Reload","Persona 3 Reload","本地支持","未列入","未列入","未列入","未列入","未列入","未列入","未列入","仅 DS5 本地支持 / DSE 非本地或未列入",""
"女神异闻录 5 皇家版","Persona 5 Royal","限制支持","限制支持","未列入","未列入","未列入","未列入","未列入","未列入","限制支持",""
"幻影勇者：失落的英雄","Phantom Brave: The Lost Hero","本地支持","未列入","未列入","未列入","未列入","未列入","未列入","未列入","仅 DS5 本地支持 / DSE 非本地或未列入",""
"幻影破坏者：终极战场","Phantom Breaker: Battle Grounds Ultimate","本地支持","未列入","未列入","未列入","未列入","未列入","未列入","未列入","仅 DS5 本地支持 / DSE 非本地或未列入",""
"恐惧症","Phasmophobia","本地支持","未列入","未列入","未列入","未列入","未列入","未列入","未列入","仅 DS5 本地支持 / DSE 非本地或未列入",""
"松树：一个关于失落的故事","Pine: A Story of Loss","本地支持","未列入","未列入","未列入","未列入","未列入","未列入","未列入","仅 DS5 本地支持 / DSE 非本地或未列入",""
"皮皮斯特雷罗和被诅咒的溜溜球","Pipistrello and the Cursed Yoyo","本地支持","未列入","本地支持","未列入","未列入","未列入","未列入","未列入","仅 DS5 本地支持 / DSE 非本地或未列入","自适应扳机：DS5 本地支持，DSE 未列入"
"瘟疫公司：进化","Plague Inc: Evolved","限制支持","限制支持","未列入","未列入","未列入","未列入","未列入","未列入","限制支持",""
"拉娜星球II","Planet of Lana II","本地支持","未列入","未列入","未列入","未列入","未列入","未列入","未列入","仅 DS5 本地支持 / DSE 非本地或未列入",""
"植物大战僵尸：重新种植","Plants vs. Zombies: Replanted","本地支持","未列入","未列入","未列入","未列入","未列入","未列入","未列入","仅 DS5 本地支持 / DSE 非本地或未列入",""
"水管工不打领带：最终版","Plumbers Don't Wear Ties: Definitive Edition","本地支持","未列入","未列入","未列入","未列入","未列入","未列入","未列入","仅 DS5 本地支持 / DSE 非本地或未列入",""
"波比的游戏时间","Poppy Playtime","限制支持","未列入","未列入","未列入","未列入","未列入","未列入","未列入","限制支持",""
"传送门","Portal","本地支持","本地支持","未列入","未列入","未列入","未列入","未列入","未列入","DS5 与 DSE 本地支持",""
"传送门 2","Portal 2","限制支持","限制支持","未列入","未列入","未列入","未列入","未列入","未列入","限制支持",""
"传送门 2：社区版","Portal 2: Community Edition","限制支持","限制支持","未列入","未列入","未列入","未列入","未列入","未列入","限制支持",""
"传送门：革命","Portal: Revolution","限制支持","限制支持","未列入","未列入","未列入","未列入","未列入","未列入","限制支持",""
"拥有者","Possessor(s)","本地支持","未列入","未列入","未列入","未列入","未列入","未列入","未列入","仅 DS5 本地支持 / DSE 非本地或未列入",""
"PowerSlave 被挖掘出来","PowerSlave Exhumed","本地支持","未列入","未列入","未列入","未列入","未列入","未列入","未列入","仅 DS5 本地支持 / DSE 非本地或未列入",""
"PowerWash 模拟器","PowerWash Simulator","本地支持","未列入","未列入","未列入","未列入","未列入","未列入","未列入","仅 DS5 本地支持 / DSE 非本地或未列入",""
"语用","Pragmata","本地支持","本地支持","本地支持","本地支持","未列入","未列入","未列入","未列入","DS5 与 DSE 本地支持","自适应扳机：DS5 本地支持，DSE 本地支持"
"前任","Predecessor","本地支持","未列入","未列入","未列入","未列入","未列入","未列入","未列入","仅 DS5 本地支持 / DSE 非本地或未列入",""
"掠食（2017）","Prey (2017)","限制支持","限制支持","未列入","未列入","未列入","未列入","未列入","未列入","限制支持",""
"波斯王子：失落王冠","Prince of Persia: The Lost Crown","本地支持","本地支持","未列入","未列入","本地支持","本地支持","未列入","未列入","DS5 与 DSE 本地支持","触觉反馈：DS5 本地支持，DSE 本地支持"
"彩色山脉计划","Project Colored Mountains","本地支持","未列入","未列入","未列入","本地支持","未列入","未列入","未列入","仅 DS5 本地支持 / DSE 非本地或未列入","触觉反馈：DS5 本地支持，DSE 未列入"
"赛车计划","Project Motor Racing","本地支持","未列入","未列入","未列入","未列入","未列入","未列入","未列入","仅 DS5 本地支持 / DSE 非本地或未列入",""
"项目重燃","Project Reignition","本地支持","未列入","未列入","未列入","未列入","未列入","未列入","未列入","仅 DS5 本地支持 / DSE 非本地或未列入",""
"影子玻璃计划","Project Shadowglass","本地支持","未列入","未列入","未列入","未列入","未列入","未列入","未列入","仅 DS5 本地支持 / DSE 非本地或未列入",""
"鸣鸟计划","Project Songbird","本地支持","未列入","未列入","未列入","未列入","未列入","未列入","未列入","仅 DS5 本地支持 / DSE 非本地或未列入",""
"心理死亡","Psycho Dead","本地支持","未列入","未列入","未列入","未列入","未列入","未列入","未列入","仅 DS5 本地支持 / DSE 非本地或未列入",""
"脑航员 2","Psychonauts 2","本地支持","未列入","未列入","未列入","未列入","未列入","未列入","未列入","仅 DS5 本地支持 / DSE 非本地或未列入",""
"毫不留情","Pulling No Punches","本地支持","未列入","未列入","未列入","未列入","未列入","未列入","未列入","仅 DS5 本地支持 / DSE 非本地或未列入",""
"南瓜杰克","Pumpkin Jack","本地支持","未列入","未列入","未列入","未列入","未列入","未列入","未列入","仅 DS5 本地支持 / DSE 非本地或未列入",""
"纯池专业版","Pure Pool Pro","本地支持","未列入","未列入","未列入","未列入","未列入","未列入","未列入","仅 DS5 本地支持 / DSE 非本地或未列入",""
"噗哟噗哟发烧","Puyo Puyo Fever","本地支持","未列入","未列入","未列入","未列入","未列入","未列入","未列入","仅 DS5 本地支持 / DSE 非本地或未列入",""
"地震增强版","Quake Enhanced","本地支持","未列入","未列入","未列入","未列入","未列入","未列入","未列入","仅 DS5 本地支持 / DSE 非本地或未列入",""
"雷神之锤 II","Quake II","未列入","需手动修复","未列入","未列入","未列入","未列入","未列入","未列入","需要手动修复/改动","DSE 需手动修复；DS5 未列入"
"雷神之锤 II 增强版","Quake II Enhanced","本地支持","未列入","未列入","未列入","未列入","未列入","未列入","未列入","仅 DS5 本地支持 / DSE 非本地或未列入",""
"Quest Master","Quest Master","本地支持","未列入","未列入","未列入","未列入","未列入","未列入","未列入","仅 DS5 本地支持 / DSE 非本地或未列入",""
"Raccoo Venture","Raccoo Venture","本地支持","未列入","未列入","未列入","未列入","未列入","未列入","未列入","仅 DS5 本地支持 / DSE 非本地或未列入",""
"RaceRoom 赛车体验","RaceRoom Racing Experience","限制支持","限制支持","未列入","未列入","未列入","未列入","未列入","未列入","限制支持",""
"Rage of the Dragons NEO","Rage of the Dragons NEO","本地支持","未列入","未列入","未列入","未列入","未列入","未列入","未列入","仅 DS5 本地支持 / DSE 非本地或未列入",""
"Raidou Remastered: The Mystery of the Soulless Army","Raidou Remastered: The Mystery of the Soulless Army","本地支持","未列入","未列入","未列入","未列入","未列入","未列入","未列入","仅 DS5 本地支持 / DSE 非本地或未列入",""
"Raji: Kaliyuga","Raji: Kaliyuga","本地支持","未列入","未列入","未列入","未列入","未列入","未列入","未列入","仅 DS5 本地支持 / DSE 非本地或未列入",""
"瑞奇与叮当：时空跳转","Ratchet & Clank: Rift Apart","本地支持","本地支持","本地支持","本地支持","限制支持","限制支持","未列入","未列入","DS5 与 DSE 本地支持","自适应扳机：DS5 本地支持，DSE 本地支持；触觉反馈：DS5 限制支持，DSE 限制支持"
"Ravenswatch","Ravenswatch","本地支持","未列入","未列入","未列入","未列入","未列入","未列入","未列入","仅 DS5 本地支持 / DSE 非本地或未列入",""
"雷曼 2：胜利大逃亡","Rayman 2: The Great Escape","限制支持","未列入","未列入","未列入","未列入","未列入","未列入","未列入","限制支持",""
"严阵以待","Ready or Not","本地支持","未列入","本地支持","未列入","未列入","未列入","未列入","未列入","仅 DS5 本地支持 / DSE 非本地或未列入","自适应扳机：DS5 本地支持，DSE 未列入"
"Realm of Ink","Realm of Ink","本地支持","未列入","未列入","未列入","未列入","未列入","未列入","未列入","仅 DS5 本地支持 / DSE 非本地或未列入",""
"Reanimal","Reanimal","限制支持","限制支持","未列入","未列入","未列入","未列入","未列入","未列入","限制支持",""
"Redacted","Redacted","本地支持","未列入","未列入","未列入","未列入","未列入","未列入","未列入","仅 DS5 本地支持 / DSE 非本地或未列入",""
"Relooted","Relooted","本地支持","未列入","未列入","未列入","未列入","未列入","未列入","未列入","仅 DS5 本地支持 / DSE 非本地或未列入",""
"Remember Me","Remember Me","本地支持","未列入","未列入","未列入","未列入","未列入","未列入","未列入","仅 DS5 本地支持 / DSE 非本地或未列入",""
"Replaced","Replaced","本地支持","未列入","未列入","未列入","未列入","未列入","未列入","未列入","仅 DS5 本地支持 / DSE 非本地或未列入",""
"生化危机","Resident Evil","限制支持","未列入","未列入","未列入","未列入","未列入","未列入","未列入","限制支持",""
"生化危机 2","Resident Evil 2","限制支持","未列入","未列入","未列入","未列入","未列入","未列入","未列入","限制支持",""
"生化危机 3：复仇女神","Resident Evil 3: Nemesis","限制支持","未列入","未列入","未列入","未列入","未列入","未列入","未列入","限制支持",""
"生化危机 4（2023）","Resident Evil 4 (2023)","本地支持","本地支持","未列入","未列入","未列入","未列入","未列入","未列入","DS5 与 DSE 本地支持",""
"生化危机：安魂曲","Resident Evil Requiem","本地支持","本地支持","本地支持","本地支持","本地支持","本地支持","未列入","未列入","DS5 与 DSE 本地支持","自适应扳机：DS5 本地支持，DSE 本地支持；触觉反馈：DS5 本地支持，DSE 本地支持"
"Retro City Rampage","Retro City Rampage","本地支持","未列入","未列入","未列入","未列入","未列入","未列入","未列入","仅 DS5 本地支持 / DSE 非本地或未列入",""
"死亡回归","Returnal","本地支持","本地支持","本地支持","本地支持","本地支持","本地支持","未列入","未列入","DS5 与 DSE 本地支持","自适应扳机：DS5 本地支持，DSE 本地支持；触觉反馈：DS5 本地支持，DSE 本地支持"
"狂野星球复仇记","Revenge of the Savage Planet","限制支持","未列入","未列入","未列入","未列入","未列入","未列入","未列入","限制支持",""
"Reynatis","Reynatis","本地支持","未列入","未列入","未列入","未列入","未列入","未列入","未列入","仅 DS5 本地支持 / DSE 非本地或未列入",""
"Rhythm Doctor","Rhythm Doctor","本地支持","未列入","未列入","未列入","未列入","未列入","未列入","未列入","仅 DS5 本地支持 / DSE 非本地或未列入",""
"Riders Republic","Riders Republic","本地支持","未列入","未列入","未列入","未列入","未列入","未列入","未列入","仅 DS5 本地支持 / DSE 非本地或未列入",""
"浪人崛起","Rise of the Ronin","本地支持","本地支持","本地支持","本地支持","本地支持","本地支持","未列入","未列入","DS5 与 DSE 本地支持","自适应扳机：DS5 本地支持，DSE 本地支持；触觉反馈：DS5 本地支持，DSE 本地支持"
"Rise of the Triad: Ludicrous Edition","Rise of the Triad: Ludicrous Edition","本地支持","未列入","未列入","未列入","未列入","未列入","未列入","未列入","仅 DS5 本地支持 / DSE 非本地或未列入",""
"雨中冒险 2","Risk of Rain 2","本地支持","未列入","未列入","未列入","未列入","未列入","未列入","未列入","仅 DS5 本地支持 / DSE 非本地或未列入",""
"Rivals of Aether II","Rivals of Aether II","本地支持","未列入","未列入","未列入","未列入","未列入","未列入","未列入","仅 DS5 本地支持 / DSE 非本地或未列入",""
"Riven (2024)","Riven (2024)","本地支持","未列入","未列入","未列入","本地支持","未列入","未列入","未列入","仅 DS5 本地支持 / DSE 非本地或未列入","触觉反馈：DS5 本地支持，DSE 未列入"
"RoadCraft","RoadCraft","本地支持","未列入","本地支持","未列入","本地支持","未列入","未列入","未列入","仅 DS5 本地支持 / DSE 非本地或未列入","自适应扳机：DS5 本地支持，DSE 未列入；触觉反馈：DS5 本地支持，DSE 未列入"
"Roblox","Roblox","本地支持","本地支持","未列入","未列入","未列入","未列入","未列入","未列入","DS5 与 DSE 本地支持",""
"RoboCop: Rogue City - Unfinished Business","RoboCop: Rogue City - Unfinished Business","本地支持","未列入","未列入","未列入","未列入","未列入","未列入","未列入","仅 DS5 本地支持 / DSE 非本地或未列入",""
"火箭联盟","Rocket League","本地支持","本地支持","需手动修复","需手动修复","未列入","未列入","未列入","未列入","DS5 与 DSE 本地支持","自适应扳机：DS5 需手动修复，DSE 需手动修复"
"Rollerdrome","Rollerdrome","本地支持","未列入","未列入","未列入","未列入","未列入","未列入","未列入","仅 DS5 本地支持 / DSE 非本地或未列入",""
"浪漫沙加 2：七英雄的复仇","Romancing SaGa 2: Revenge of the Seven","限制支持","限制支持","未列入","未列入","未列入","未列入","未列入","未列入","限制支持",""
"Romeo Is a Dead Man","Romeo Is a Dead Man","限制支持","限制支持","未列入","未列入","未列入","未列入","未列入","未列入","限制支持",""
"Rosalie's Mupen GUI","Rosalie's Mupen GUI","本地支持","未列入","未列入","未列入","未列入","未列入","未列入","未列入","仅 DS5 本地支持 / DSE 非本地或未列入",""
"Ruffy and the Riverside","Ruffy and the Riverside","本地支持","未列入","未列入","未列入","未列入","未列入","未列入","未列入","仅 DS5 本地支持 / DSE 非本地或未列入",""
"Rune Factory: Guardians of Azuma","Rune Factory: Guardians of Azuma","本地支持","未列入","未列入","未列入","未列入","未列入","未列入","未列入","仅 DS5 本地支持 / DSE 非本地或未列入",""
"Rusty Rabbit","Rusty Rabbit","本地支持","未列入","未列入","未列入","未列入","未列入","未列入","未列入","仅 DS5 本地支持 / DSE 非本地或未列入",""
"潜行者 2：切尔诺贝利之心","S.T.A.L.K.E.R. 2: Heart of Chornobyl","本地支持","未列入","本地支持","未列入","本地支持","未列入","未列入","未列入","仅 DS5 本地支持 / DSE 非本地或未列入","自适应扳机：DS5 本地支持，DSE 未列入；触觉反馈：DS5 本地支持，DSE 未列入"
"S.T.A.L.K.E.R.: Call of Prypiat Enhanced Edition","S.T.A.L.K.E.R.: Call of Prypiat Enhanced Edition","本地支持","未列入","本地支持","未列入","未列入","未列入","未列入","未列入","仅 DS5 本地支持 / DSE 非本地或未列入","自适应扳机：DS5 本地支持，DSE 未列入"
"S.T.A.L.K.E.R.: Clear Sky Enhanced Edition","S.T.A.L.K.E.R.: Clear Sky Enhanced Edition","本地支持","未列入","本地支持","未列入","未列入","未列入","未列入","未列入","仅 DS5 本地支持 / DSE 非本地或未列入","自适应扳机：DS5 本地支持，DSE 未列入"
"S.T.A.L.K.E.R.: Shadow of Chornobyl Enhanced Edition","S.T.A.L.K.E.R.: Shadow of Chornobyl Enhanced Edition","本地支持","未列入","本地支持","未列入","未列入","未列入","未列入","未列入","仅 DS5 本地支持 / DSE 非本地或未列入","自适应扳机：DS5 本地支持，DSE 未列入"
"麻布仔大冒险","Sackboy: A Big Adventure","本地支持","未列入","本地支持","未列入","本地支持","未列入","未列入","未列入","仅 DS5 本地支持 / DSE 非本地或未列入","自适应扳机：DS5 本地支持，DSE 未列入；触觉反馈：DS5 本地支持，DSE 未列入"
"Sacred 2: Remaster","Sacred 2: Remaster","本地支持","未列入","未列入","未列入","未列入","未列入","未列入","未列入","仅 DS5 本地支持 / DSE 非本地或未列入",""
"黑道圣徒","Saints Row","本地支持","未列入","未列入","未列入","未列入","未列入","未列入","未列入","仅 DS5 本地支持 / DSE 非本地或未列入",""
"Samurai Warriors 4 DX","Samurai Warriors 4 DX","本地支持","未列入","未列入","未列入","未列入","未列入","未列入","未列入","仅 DS5 本地支持 / DSE 非本地或未列入",""
"沙漠大冒险","Sand Land","本地支持","本地支持","未列入","未列入","未列入","未列入","未列入","未列入","DS5 与 DSE 本地支持",""
"Sandbox","Sandbox","限制支持","限制支持","未列入","未列入","未列入","未列入","未列入","未列入","限制支持",""
"Satisfactory","Satisfactory","本地支持","未列入","未列入","未列入","本地支持","未列入","未列入","未列入","仅 DS5 本地支持 / DSE 非本地或未列入","触觉反馈：DS5 本地支持，DSE 未列入"
"Save Room - Organization Puzzle","Save Room - Organization Puzzle","本地支持","未列入","未列入","未列入","未列入","未列入","未列入","未列入","仅 DS5 本地支持 / DSE 非本地或未列入",""
"Scar-Lead Salvation","Scar-Lead Salvation","本地支持","未列入","未列入","未列入","未列入","未列入","未列入","未列入","仅 DS5 本地支持 / DSE 非本地或未列入",""
"绯红结系","Scarlet Nexus","本地支持","未列入","未列入","未列入","未列入","未列入","未列入","未列入","仅 DS5 本地支持 / DSE 非本地或未列入",""
"SCHiM","SCHiM","本地支持","未列入","未列入","未列入","未列入","未列入","未列入","未列入","仅 DS5 本地支持 / DSE 非本地或未列入",""
"Schrott","Schrott","本地支持","未列入","未列入","未列入","未列入","未列入","未列入","未列入","仅 DS5 本地支持 / DSE 非本地或未列入",""
"歪小子斯科特 EX","Scott Pilgrim EX","本地支持","本地支持","未列入","未列入","未列入","未列入","未列入","未列入","DS5 与 DSE 本地支持",""
"Screamer（2026）","Screamer (2026)","本地支持","本地支持","本地支持","本地支持","未列入","未列入","未列入","未列入","DS5 与 DSE 本地支持","自适应扳机：DS5 本地支持，DSE 本地支持"
"SD 高达 G 世代 火线纵横","SD Gundam G Generation Cross Rays","限制支持","限制支持","未列入","未列入","未列入","未列入","未列入","未列入","限制支持",""
"盗贼之海","Sea of Thieves","本地支持","未列入","本地支持","未列入","本地支持","未列入","未列入","未列入","仅 DS5 本地支持 / DSE 非本地或未列入","自适应扳机：DS5 本地支持，DSE 未列入；触觉反馈：DS5 本地支持，DSE 未列入"
"SEASON: A letter to the future","SEASON: A letter to the future","本地支持","未列入","本地支持","未列入","本地支持","未列入","未列入","未列入","仅 DS5 本地支持 / DSE 非本地或未列入","自适应扳机：DS5 本地支持，DSE 未列入；触觉反馈：DS5 本地支持，DSE 未列入"
"只狼：影逝二度","Sekiro: Shadows Die Twice","限制支持","未列入","未列入","未列入","未列入","未列入","未列入","未列入","限制支持",""
"Selaco","Selaco","限制支持","未列入","未列入","未列入","未列入","未列入","未列入","未列入","限制支持",""
"塞娜的史诗：地狱之刃 II","Senua's Saga: Hellblade II","本地支持","本地支持","本地支持","本地支持","本地支持","本地支持","未列入","未列入","DS5 与 DSE 本地支持","自适应扳机：DS5 本地支持，DSE 本地支持；触觉反馈：DS5 本地支持，DSE 本地支持"
"暗影帝国 重制版","Shadow Complex Remastered","需手动修复","未列入","未列入","未列入","未列入","未列入","未列入","未列入","需要手动修复/改动",""
"Shadow Labyrinth","Shadow Labyrinth","本地支持","未列入","未列入","未列入","未列入","未列入","未列入","未列入","仅 DS5 本地支持 / DSE 非本地或未列入",""
"古墓丽影：暗影","Shadow of the Tomb Raider","本地支持","未列入","未列入","未列入","未列入","未列入","未列入","未列入","仅 DS5 本地支持 / DSE 非本地或未列入",""
"Shadows of the Damned: Hella Remastered","Shadows of the Damned: Hella Remastered","本地支持","未列入","未列入","未列入","未列入","未列入","未列入","未列入","仅 DS5 本地支持 / DSE 非本地或未列入",""
"Shakedown: Hawaii","Shakedown: Hawaii","本地支持","未列入","未列入","未列入","未列入","未列入","未列入","未列入","仅 DS5 本地支持 / DSE 非本地或未列入",""
"She's Leaving","She's Leaving","本地支持","未列入","未列入","未列入","未列入","未列入","未列入","未列入","仅 DS5 本地支持 / DSE 非本地或未列入",""
"真·女神转生 V Vengeance","Shin Megami Tensei V: Vengeance","限制支持","限制支持","未列入","未列入","未列入","未列入","未列入","未列入","限制支持",""
"Shinobi: Art of Vengeance","Shinobi: Art of Vengeance","本地支持","未列入","未列入","未列入","未列入","未列入","未列入","未列入","仅 DS5 本地支持 / DSE 非本地或未列入",""
"师父","Sifu","本地支持","未列入","未列入","未列入","未列入","未列入","未列入","未列入","仅 DS5 本地支持 / DSE 非本地或未列入",""
"Signalis","Signalis","本地支持","未列入","本地支持","未列入","未列入","未列入","未列入","未列入","仅 DS5 本地支持 / DSE 非本地或未列入","自适应扳机：DS5 本地支持，DSE 未列入"
"寂静岭 2","Silent Hill 2","本地支持","本地支持","本地支持","本地支持","本地支持","本地支持","未列入","未列入","DS5 与 DSE 本地支持","自适应扳机：DS5 本地支持，DSE 本地支持；触觉反馈：DS5 本地支持，DSE 本地支持"
"寂静岭 4：密室","Silent Hill 4: The Room","本地支持","本地支持","未列入","未列入","未列入","未列入","未列入","未列入","DS5 与 DSE 本地支持",""
"寂静岭 f","Silent Hill f","本地支持","未列入","未列入","未列入","未列入","未列入","未列入","未列入","仅 DS5 本地支持 / DSE 非本地或未列入",""
"Silent Hill: Townfall","Silent Hill: Townfall","本地支持","未列入","未列入","未列入","未列入","未列入","未列入","未列入","仅 DS5 本地支持 / DSE 非本地或未列入",""
"Silver Pines","Silver Pines","本地支持","未列入","未列入","未列入","未列入","未列入","未列入","未列入","仅 DS5 本地支持 / DSE 非本地或未列入",""
"Skate","Skate","本地支持","本地支持","未列入","未列入","本地支持","本地支持","未列入","未列入","DS5 与 DSE 本地支持","触觉反馈：DS5 本地支持，DSE 本地支持"
"Skate Story","Skate Story","本地支持","未列入","未列入","未列入","未列入","未列入","未列入","未列入","仅 DS5 本地支持 / DSE 非本地或未列入",""
"Sker Ritual","Sker Ritual","本地支持","未列入","未列入","未列入","未列入","未列入","未列入","未列入","仅 DS5 本地支持 / DSE 非本地或未列入",""
"Skul: The Hero Slayer","Skul: The Hero Slayer","本地支持","未列入","未列入","未列入","未列入","未列入","未列入","未列入","仅 DS5 本地支持 / DSE 非本地或未列入",""
"碧海黑帆","Skull and Bones","本地支持","本地支持","本地支持","本地支持","本地支持","本地支持","未列入","未列入","DS5 与 DSE 本地支持","自适应扳机：DS5 本地支持，DSE 本地支持；触觉反馈：DS5 本地支持，DSE 本地支持"
"Slay the Spire 2","Slay the Spire 2","本地支持","未列入","未列入","未列入","未列入","未列入","未列入","未列入","仅 DS5 本地支持 / DSE 非本地或未列入",""
"Sleep Awake","Sleep Awake","本地支持","未列入","未列入","未列入","本地支持","未列入","未列入","未列入","仅 DS5 本地支持 / DSE 非本地或未列入","触觉反馈：DS5 本地支持，DSE 未列入"
"Slitterhead","Slitterhead","本地支持","未列入","未列入","未列入","未列入","未列入","未列入","未列入","仅 DS5 本地支持 / DSE 非本地或未列入",""
"Smite 2","Smite 2","本地支持","未列入","未列入","未列入","未列入","未列入","未列入","未列入","仅 DS5 本地支持 / DSE 非本地或未列入",""
"SNK vs. Capcom: SVC Chaos","SNK vs. Capcom: SVC Chaos","本地支持","未列入","未列入","未列入","未列入","未列入","未列入","未列入","仅 DS5 本地支持 / DSE 非本地或未列入",""
"Solar Ash","Solar Ash","本地支持","未列入","未列入","未列入","未列入","未列入","未列入","未列入","仅 DS5 本地支持 / DSE 非本地或未列入",""
"Solo Leveling: Arise","Solo Leveling: Arise","本地支持","未列入","未列入","未列入","未列入","未列入","未列入","未列入","仅 DS5 本地支持 / DSE 非本地或未列入",""
"Someday You'll Return: Director's Cut","Someday You'll Return: Director's Cut","本地支持","未列入","未列入","未列入","未列入","未列入","未列入","未列入","仅 DS5 本地支持 / DSE 非本地或未列入",""
"Somerville","Somerville","本地支持","未列入","未列入","未列入","未列入","未列入","未列入","未列入","仅 DS5 本地支持 / DSE 非本地或未列入",""
"Songs of Silence","Songs of Silence","本地支持","未列入","未列入","未列入","未列入","未列入","未列入","未列入","仅 DS5 本地支持 / DSE 非本地或未列入",""
"索尼克大冒险 2","Sonic Adventure 2","需手动修复","未列入","未列入","未列入","未列入","未列入","未列入","未列入","需要手动修复/改动",""
"索尼克大冒险 DX（2011）","Sonic Adventure DX (2011)","需手动修复","需手动修复","未列入","未列入","未列入","未列入","未列入","未列入","需要手动修复/改动",""
"Sonic Battle Framework","Sonic Battle Framework","本地支持","未列入","未列入","未列入","未列入","未列入","未列入","未列入","仅 DS5 本地支持 / DSE 非本地或未列入",""
"索尼克 未知边境","Sonic Frontiers","限制支持","限制支持","未列入","未列入","未列入","未列入","未列入","未列入","限制支持",""
"Sonic Galactic","Sonic Galactic","本地支持","未列入","未列入","未列入","未列入","未列入","未列入","未列入","仅 DS5 本地支持 / DSE 非本地或未列入",""
"索尼克 狂欢","Sonic Mania","限制支持","未列入","未列入","未列入","未列入","未列入","未列入","未列入","限制支持",""
"Sonic P-06","Sonic P-06","本地支持","未列入","未列入","未列入","未列入","未列入","未列入","未列入","仅 DS5 本地支持 / DSE 非本地或未列入",""
"索尼克赛车：交叉世界","Sonic Racing: CrossWorlds","限制支持","限制支持","未列入","未列入","未列入","未列入","未列入","未列入","限制支持",""
"索尼克乱斗派对","Sonic Rumble Party","本地支持","本地支持","未列入","未列入","未列入","未列入","未列入","未列入","DS5 与 DSE 本地支持",""
"Sonic Rush 3D","Sonic Rush 3D","本地支持","未列入","未列入","未列入","未列入","未列入","未列入","未列入","仅 DS5 本地支持 / DSE 非本地或未列入",""
"索尼克 超级巨星","Sonic Superstars","本地支持","未列入","未列入","未列入","本地支持","未列入","未列入","未列入","仅 DS5 本地支持 / DSE 非本地或未列入","触觉反馈：DS5 本地支持，DSE 未列入"
"索尼克 × 夏特 世代重启","Sonic X Shadow Generations","限制支持","限制支持","未列入","未列入","未列入","未列入","未列入","未列入","限制支持",""
"森林之子","Sons of the Forest","本地支持","未列入","未列入","未列入","未列入","未列入","未列入","未列入","仅 DS5 本地支持 / DSE 非本地或未列入",""
"Sons of Valhalla","Sons of Valhalla","本地支持","未列入","未列入","未列入","未列入","未列入","未列入","未列入","仅 DS5 本地支持 / DSE 非本地或未列入",""
"Soulframe","Soulframe","本地支持","未列入","未列入","未列入","未列入","未列入","未列入","未列入","仅 DS5 本地支持 / DSE 非本地或未列入",""
"Soulstice","Soulstice","本地支持","未列入","未列入","未列入","未列入","未列入","未列入","未列入","仅 DS5 本地支持 / DSE 非本地或未列入",""
"South of the Circle","South of the Circle","本地支持","未列入","未列入","未列入","未列入","未列入","未列入","未列入","仅 DS5 本地支持 / DSE 非本地或未列入",""
"Space for Sale","Space for Sale","本地支持","未列入","未列入","未列入","未列入","未列入","未列入","未列入","仅 DS5 本地支持 / DSE 非本地或未列入",""
"Sparky Rush: Purrils in Pawsville!","Sparky Rush: Purrils in Pawsville!","本地支持","未列入","未列入","未列入","未列入","未列入","未列入","未列入","仅 DS5 本地支持 / DSE 非本地或未列入",""
"Spin Rhythm XD","Spin Rhythm XD","限制支持","限制支持","未列入","未列入","未列入","未列入","未列入","未列入","限制支持",""
"Spine","Spine","本地支持","未列入","未列入","未列入","未列入","未列入","未列入","未列入","仅 DS5 本地支持 / DSE 非本地或未列入",""
"Split Fiction","Split Fiction","本地支持","未列入","未列入","未列入","未列入","未列入","未列入","未列入","仅 DS5 本地支持 / DSE 非本地或未列入",""
"SpongeBob SquarePants: The Patrick Star Game","SpongeBob SquarePants: The Patrick Star Game","本地支持","未列入","未列入","未列入","未列入","未列入","未列入","未列入","仅 DS5 本地支持 / DSE 非本地或未列入",""
"SPYxANYA: Operation Memories","SPYxANYA: Operation Memories","本地支持","未列入","未列入","未列入","未列入","未列入","未列入","未列入","仅 DS5 本地支持 / DSE 非本地或未列入",""
"潜行者","STALKER","未列入","未列入","未列入","未列入","未列入","未列入","需手动修复","未列入","触摸板页面补充（第三方/Steam）","触摸板：DS5 触摸板 需手动修复，第三方工具/自定义配置，Custom config. Requires reWASD application to run. Camera control."
"Star Fox 64 (Starship)","Star Fox 64 (Starship)","本地支持","未列入","未列入","未列入","未列入","未列入","未列入","未列入","仅 DS5 本地支持 / DSE 非本地或未列入",""
"Star Ocean: The Second Story R","Star Ocean: The Second Story R","本地支持","未列入","未列入","未列入","未列入","未列入","未列入","未列入","仅 DS5 本地支持 / DSE 非本地或未列入",""
"Star Overdrive","Star Overdrive","本地支持","未列入","未列入","未列入","未列入","未列入","未列入","未列入","仅 DS5 本地支持 / DSE 非本地或未列入",""
"星球大战 绝地：幸存者","Star Wars Jedi: Survivor","本地支持","未列入","本地支持","未列入","本地支持","未列入","未列入","未列入","仅 DS5 本地支持 / DSE 非本地或未列入","自适应扳机：DS5 本地支持，DSE 未列入；触觉反馈：DS5 本地支持，DSE 未列入"
"星球大战：亡命之徒","Star Wars Outlaws","本地支持","本地支持","本地支持","本地支持","本地支持","本地支持","未列入","未列入","DS5 与 DSE 本地支持","自适应扳机：DS5 本地支持，DSE 本地支持；触觉反馈：DS5 本地支持，DSE 本地支持"
"Star Wars: Bounty Hunter","Star Wars: Bounty Hunter","本地支持","未列入","未列入","未列入","未列入","未列入","未列入","未列入","仅 DS5 本地支持 / DSE 非本地或未列入",""
"Star Wars: Dark Forces Remaster","Star Wars: Dark Forces Remaster","本地支持","未列入","未列入","未列入","未列入","未列入","未列入","未列入","仅 DS5 本地支持 / DSE 非本地或未列入",""
"Star Wars: Rogue Squadron 3D","Star Wars: Rogue Squadron 3D","本地支持","未列入","未列入","未列入","未列入","未列入","未列入","未列入","仅 DS5 本地支持 / DSE 非本地或未列入",""
"Star Wars: Shadows of the Empire","Star Wars: Shadows of the Empire","本地支持","未列入","未列入","未列入","未列入","未列入","未列入","未列入","仅 DS5 本地支持 / DSE 非本地或未列入",""
"Star Wars: Starfighter","Star Wars: Starfighter","本地支持","未列入","未列入","未列入","未列入","未列入","未列入","未列入","仅 DS5 本地支持 / DSE 非本地或未列入",""
"Star Wars: Zero Company","Star Wars: Zero Company","本地支持","未列入","未列入","未列入","未列入","未列入","未列入","未列入","仅 DS5 本地支持 / DSE 非本地或未列入",""
"星露谷物语","Stardew Valley","本地支持","未列入","未列入","未列入","未列入","未列入","未列入","未列入","仅 DS5 本地支持 / DSE 非本地或未列入",""
"Starsand Island","Starsand Island","本地支持","未列入","未列入","未列入","未列入","未列入","未列入","未列入","仅 DS5 本地支持 / DSE 非本地或未列入",""
"剑星","Stellar Blade","本地支持","本地支持","本地支持","本地支持","本地支持","本地支持","未列入","未列入","DS5 与 DSE 本地支持","自适应扳机：DS5 本地支持，DSE 本地支持；触觉反馈：DS5 本地支持，DSE 本地支持"
"Still Wakes the Deep","Still Wakes the Deep","本地支持","未列入","未列入","未列入","本地支持","未列入","未列入","未列入","仅 DS5 本地支持 / DSE 非本地或未列入","触觉反馈：DS5 本地支持，DSE 未列入"
"牧场物语 Welcome！美丽人生","Story of Seasons: A Wonderful Life","本地支持","本地支持","未列入","未列入","未列入","未列入","未列入","未列入","DS5 与 DSE 本地支持",""
"Stranded: Alien Dawn","Stranded: Alien Dawn","本地支持","未列入","未列入","未列入","未列入","未列入","未列入","未列入","仅 DS5 本地支持 / DSE 非本地或未列入",""
"Stranger of Paradise: Final Fantasy Origin","Stranger of Paradise: Final Fantasy Origin","本地支持","未列入","未列入","未列入","未列入","未列入","未列入","未列入","仅 DS5 本地支持 / DSE 非本地或未列入",""
"迷失","Stray","本地支持","未列入","未列入","未列入","本地支持","未列入","未列入","未列入","仅 DS5 本地支持 / DSE 非本地或未列入","触觉反馈：DS5 本地支持，DSE 未列入"
"神室町街头","Streets of Kamurocho","限制支持","限制支持","未列入","未列入","未列入","未列入","未列入","未列入","限制支持",""
"Strife: Veteran Edition","Strife: Veteran Edition","本地支持","未列入","未列入","未列入","未列入","未列入","未列入","未列入","仅 DS5 本地支持 / DSE 非本地或未列入",""
"Styx: Blades of Greed","Styx: Blades of Greed","本地支持","未列入","本地支持","未列入","本地支持","未列入","未列入","未列入","仅 DS5 本地支持 / DSE 非本地或未列入","自适应扳机：DS5 本地支持，DSE 未列入；触觉反馈：DS5 本地支持，DSE 未列入"
"深海迷航","Subnautica","本地支持","本地支持","未列入","未列入","未列入","未列入","未列入","未列入","DS5 与 DSE 本地支持",""
"深海迷航 2","Subnautica 2","本地支持","未列入","未列入","未列入","未列入","未列入","未列入","未列入","仅 DS5 本地支持 / DSE 非本地或未列入",""
"自杀小队：消灭正义联盟","Suicide Squad: Kill the Justice League","本地支持","未列入","本地支持","未列入","未列入","未列入","未列入","未列入","仅 DS5 本地支持 / DSE 非本地或未列入","自适应扳机：DS5 本地支持，DSE 未列入"
"Suikoden I & II HD Remaster Gate Rune and Dunan Unification Wars","Suikoden I & II HD Remaster Gate Rune and Dunan Unification Wars","本地支持","未列入","未列入","未列入","未列入","未列入","未列入","未列入","仅 DS5 本地支持 / DSE 非本地或未列入",""
"Sulfur","Sulfur","本地支持","未列入","未列入","未列入","未列入","未列入","未列入","未列入","仅 DS5 本地支持 / DSE 非本地或未列入",""
"Super Mario Bros. Remastered","Super Mario Bros. Remastered","本地支持","未列入","未列入","未列入","未列入","未列入","未列入","未列入","仅 DS5 本地支持 / DSE 非本地或未列入",""
"Super Mario World Remastered","Super Mario World Remastered","本地支持","未列入","未列入","未列入","未列入","未列入","未列入","未列入","仅 DS5 本地支持 / DSE 非本地或未列入",""
"Super Meat Boy 3D","Super Meat Boy 3D","本地支持","未列入","未列入","未列入","未列入","未列入","未列入","未列入","仅 DS5 本地支持 / DSE 非本地或未列入",""
"超级棒球 3","Super Mega Baseball 3","本地支持","本地支持","未列入","未列入","未列入","未列入","未列入","未列入","DS5 与 DSE 本地支持",""
"超级棒球 4","Super Mega Baseball 4","本地支持","本地支持","未列入","未列入","未列入","未列入","未列入","未列入","DS5 与 DSE 本地支持",""
"超级人类","Super People","未列入","未列入","未列入","未列入","未列入","未列入","需手动修复","未列入","触摸板页面补充（第三方/Steam）","触摸板：DS5 触摸板 需手动修复，第三方工具/自定义配置，Custom config. Requires reWASD application to run. Touchpad activated map."
"超级机器人大战 30","Super Robot Wars 30","限制支持","限制支持","未列入","未列入","未列入","未列入","未列入","未列入","限制支持",""
"Super Robot Wars Y","Super Robot Wars Y","本地支持","未列入","未列入","未列入","未列入","未列入","未列入","未列入","仅 DS5 本地支持 / DSE 非本地或未列入",""
"Superhero Simulator","Superhero Simulator","本地支持","未列入","未列入","未列入","未列入","未列入","未列入","未列入","仅 DS5 本地支持 / DSE 非本地或未列入",""
"Supraworld","Supraworld","限制支持","未列入","未列入","未列入","未列入","未列入","未列入","未列入","限制支持",""
"Sushi Ben","Sushi Ben","本地支持","未列入","未列入","未列入","未列入","未列入","未列入","未列入","仅 DS5 本地支持 / DSE 非本地或未列入",""
"Sword Art Online: Fractured Daydream","Sword Art Online: Fractured Daydream","本地支持","未列入","未列入","未列入","未列入","未列入","未列入","未列入","仅 DS5 本地支持 / DSE 非本地或未列入",""
"Sword of the Sea","Sword of the Sea","本地支持","未列入","未列入","未列入","本地支持","未列入","未列入","未列入","仅 DS5 本地支持 / DSE 非本地或未列入","触觉反馈：DS5 本地支持，DSE 未列入"
"Syberia - Remastered","Syberia - Remastered","本地支持","未列入","未列入","未列入","未列入","未列入","未列入","未列入","仅 DS5 本地支持 / DSE 非本地或未列入",""
"Synduality: Echo of Ada","Synduality: Echo of Ada","本地支持","未列入","未列入","未列入","未列入","未列入","未列入","未列入","仅 DS5 本地支持 / DSE 非本地或未列入",""
"网络奇兵 2：25 周年重制版","System Shock 2: 25th Anniversary Remaster","本地支持","本地支持","未列入","未列入","本地支持","本地支持","未列入","未列入","DS5 与 DSE 本地支持","触觉反馈：DS5 本地支持，DSE 本地支持"
"Taiko no Tatsujin: Rhythm Festival","Taiko no Tatsujin: Rhythm Festival","本地支持","未列入","未列入","未列入","未列入","未列入","未列入","未列入","仅 DS5 本地支持 / DSE 非本地或未列入",""
"Tails of Iron 2: Whiskers of Winter","Tails of Iron 2: Whiskers of Winter","本地支持","未列入","未列入","未列入","未列入","未列入","未列入","未列入","仅 DS5 本地支持 / DSE 非本地或未列入",""
"Tainted Grail: The Fall of Avalon","Tainted Grail: The Fall of Avalon","本地支持","未列入","未列入","未列入","未列入","未列入","未列入","未列入","仅 DS5 本地支持 / DSE 非本地或未列入",""
"Tales of Berseria Remastered","Tales of Berseria Remastered","本地支持","未列入","未列入","未列入","未列入","未列入","未列入","未列入","仅 DS5 本地支持 / DSE 非本地或未列入",""
"Tales of Graces f Remastered","Tales of Graces f Remastered","本地支持","未列入","未列入","未列入","未列入","未列入","未列入","未列入","仅 DS5 本地支持 / DSE 非本地或未列入",""
"Tales of Xillia Remastered","Tales of Xillia Remastered","本地支持","未列入","未列入","未列入","未列入","未列入","未列入","未列入","仅 DS5 本地支持 / DSE 非本地或未列入",""
"军团要塞 2","Team Fortress 2","本地支持","本地支持","未列入","未列入","未列入","未列入","未列入","未列入","DS5 与 DSE 本地支持",""
"Teenage Mutant Ninja Turtles: Shredder's Revenge","Teenage Mutant Ninja Turtles: Shredder's Revenge","本地支持","未列入","未列入","未列入","未列入","未列入","未列入","未列入","仅 DS5 本地支持 / DSE 非本地或未列入",""
"铁拳 7","Tekken 7","未列入","未列入","未列入","未列入","未列入","未列入","需手动修复","未列入","触摸板页面补充（第三方/Steam）","触摸板：DS5 触摸板 需手动修复，第三方工具/自定义配置，Custom config. Requires reWASD application to run. Macros."
"铁拳 8","Tekken 8","本地支持","未列入","未列入","未列入","本地支持","未列入","未列入","未列入","仅 DS5 本地支持 / DSE 非本地或未列入","触觉反馈：DS5 本地支持，DSE 未列入"
"Terra Memoria","Terra Memoria","本地支持","未列入","未列入","未列入","未列入","未列入","未列入","未列入","仅 DS5 本地支持 / DSE 非本地或未列入",""
"Terrifier The ARTcade Game","Terrifier The ARTcade Game","本地支持","未列入","未列入","未列入","未列入","未列入","未列入","未列入","仅 DS5 本地支持 / DSE 非本地或未列入",""
"Test Drive Unlimited Solar Crown","Test Drive Unlimited Solar Crown","本地支持","未列入","本地支持","未列入","未列入","未列入","未列入","未列入","仅 DS5 本地支持 / DSE 非本地或未列入","自适应扳机：DS5 本地支持，DSE 未列入"
"Thank Goodness You're Here!","Thank Goodness You're Here!","本地支持","未列入","未列入","未列入","未列入","未列入","未列入","未列入","仅 DS5 本地支持 / DSE 非本地或未列入",""
"The Adventures of Elliot: The Millennium Tales","The Adventures of Elliot: The Millennium Tales","本地支持","未列入","未列入","未列入","未列入","未列入","未列入","未列入","仅 DS5 本地支持 / DSE 非本地或未列入",""
"The Alters","The Alters","本地支持","未列入","未列入","未列入","未列入","未列入","未列入","未列入","仅 DS5 本地支持 / DSE 非本地或未列入",""
"The Big Catch: Tacklebox","The Big Catch: Tacklebox","本地支持","未列入","未列入","未列入","未列入","未列入","未列入","未列入","仅 DS5 本地支持 / DSE 非本地或未列入",""
"The Binding of Isaac: Rebirth","The Binding of Isaac: Rebirth","本地支持","未列入","未列入","未列入","未列入","未列入","未列入","未列入","仅 DS5 本地支持 / DSE 非本地或未列入",""
"The Blood of Dawnwalker","The Blood of Dawnwalker","本地支持","未列入","未列入","未列入","未列入","未列入","未列入","未列入","仅 DS5 本地支持 / DSE 非本地或未列入",""
"The Case of the Dark Strangler","The Case of the Dark Strangler","本地支持","未列入","未列入","未列入","未列入","未列入","未列入","未列入","仅 DS5 本地支持 / DSE 非本地或未列入",""
"弗兰克·斯通的阴影","The Casting of Frank Stone","限制支持","限制支持","未列入","未列入","未列入","未列入","未列入","未列入","限制支持",""
"The Chant","The Chant","本地支持","未列入","本地支持","未列入","未列入","未列入","未列入","未列入","仅 DS5 本地支持 / DSE 非本地或未列入","自适应扳机：DS5 本地支持，DSE 未列入"
"飙酷车神：轰鸣盛典","The Crew Motorfest","本地支持","本地支持","本地支持","本地支持","本地支持","本地支持","未列入","未列入","DS5 与 DSE 本地支持","自适应扳机：DS5 本地支持，DSE 本地支持；触觉反馈：DS5 本地支持，DSE 本地支持"
"The Cub","The Cub","本地支持","未列入","未列入","未列入","未列入","未列入","未列入","未列入","仅 DS5 本地支持 / DSE 非本地或未列入",""
"The Cube (Mundfish)","The Cube (Mundfish)","本地支持","未列入","未列入","未列入","未列入","未列入","未列入","未列入","仅 DS5 本地支持 / DSE 非本地或未列入",""
"The Darkside Detective: Backside of the Moon","The Darkside Detective: Backside of the Moon","本地支持","未列入","未列入","未列入","未列入","未列入","未列入","未列入","仅 DS5 本地支持 / DSE 非本地或未列入",""
"上古卷轴 IV：湮灭 重制版","The Elder Scrolls IV: Oblivion Remastered","本地支持","本地支持","本地支持","本地支持","未列入","未列入","未列入","未列入","DS5 与 DSE 本地支持","自适应扳机：DS5 本地支持，DSE 本地支持"
"最终决战","The Finals","本地支持","未列入","未列入","未列入","未列入","未列入","未列入","未列入","仅 DS5 本地支持 / DSE 非本地或未列入",""
"第一狂战士：卡赞","The First Berserker: Khazan","本地支持","未列入","本地支持","未列入","本地支持","未列入","未列入","未列入","仅 DS5 本地支持 / DSE 非本地或未列入","自适应扳机：DS5 本地支持，DSE 未列入；触觉反馈：DS5 本地支持，DSE 未列入"
"第一后裔","The First Descendant","本地支持","本地支持","本地支持","本地支持","本地支持","本地支持","未列入","未列入","DS5 与 DSE 本地支持","自适应扳机：DS5 本地支持，DSE 本地支持；触觉反馈：DS5 本地支持，DSE 本地支持"
"The God Slayer","The God Slayer","本地支持","未列入","未列入","未列入","未列入","未列入","未列入","未列入","仅 DS5 本地支持 / DSE 非本地或未列入",""
"The House of the Dead 2: Remake","The House of the Dead 2: Remake","本地支持","未列入","未列入","未列入","未列入","未列入","未列入","未列入","仅 DS5 本地支持 / DSE 非本地或未列入",""
"The House of the Dead: Remake","The House of the Dead: Remake","本地支持","未列入","未列入","未列入","未列入","未列入","未列入","未列入","仅 DS5 本地支持 / DSE 非本地或未列入",""
"The Hundred Line -Last Defense Academy-","The Hundred Line -Last Defense Academy-","本地支持","未列入","未列入","未列入","未列入","未列入","未列入","未列入","仅 DS5 本地支持 / DSE 非本地或未列入",""
"The Inquisitor (2024)","The Inquisitor (2024)","本地支持","未列入","未列入","未列入","未列入","未列入","未列入","未列入","仅 DS5 本地支持 / DSE 非本地或未列入",""
"The King of Fighters XIII Global Match","The King of Fighters XIII Global Match","本地支持","未列入","未列入","未列入","未列入","未列入","未列入","未列入","仅 DS5 本地支持 / DSE 非本地或未列入",""
"The Last Caretaker","The Last Caretaker","本地支持","未列入","未列入","未列入","未列入","未列入","未列入","未列入","仅 DS5 本地支持 / DSE 非本地或未列入",""
"最后的信仰","The Last Faith","本地支持","未列入","未列入","未列入","未列入","未列入","未列入","未列入","仅 DS5 本地支持 / DSE 非本地或未列入",""
"最后生还者 第一部","The Last of Us Part I","本地支持","本地支持","本地支持","本地支持","本地支持","本地支持","本地支持","未列入","DS5 与 DSE 本地支持","自适应扳机：DS5 本地支持，DSE 本地支持；触觉反馈：DS5 本地支持，DSE 本地支持；触摸板：DS5 触摸板 本地支持，原生支持，Native support."
"最后生还者 第二部 重制版","The Last of Us Part II Remastered","本地支持","本地支持","本地支持","本地支持","本地支持","本地支持","未列入","未列入","DS5 与 DSE 本地支持","自适应扳机：DS5 本地支持，DSE 本地支持；触觉反馈：DS5 本地支持，DSE 本地支持"
"英雄传说：界之轨迹","The Legend of Heroes: Trails Beyond the Horizon","本地支持","本地支持","未列入","未列入","未列入","未列入","未列入","未列入","DS5 与 DSE 本地支持",""
"The Legend of Heroes: Trails through Daybreak II","The Legend of Heroes: Trails through Daybreak II","本地支持","未列入","未列入","未列入","未列入","未列入","未列入","未列入","仅 DS5 本地支持 / DSE 非本地或未列入",""
"The Legend of Legacy HD Remastered","The Legend of Legacy HD Remastered","本地支持","未列入","未列入","未列入","未列入","未列入","未列入","未列入","仅 DS5 本地支持 / DSE 非本地或未列入",""
"The Legend of Zelda: A Link to the Past","The Legend of Zelda: A Link to the Past","本地支持","未列入","未列入","未列入","未列入","未列入","未列入","未列入","仅 DS5 本地支持 / DSE 非本地或未列入",""
"The Legend of Zelda: Majora's Mask (2 Ship 2 Harkinian)","The Legend of Zelda: Majora's Mask (2 Ship 2 Harkinian)","本地支持","未列入","未列入","未列入","未列入","未列入","未列入","未列入","仅 DS5 本地支持 / DSE 非本地或未列入",""
"The Legend of Zelda: Majora's Mask (Zelda 64: Recompiled)","The Legend of Zelda: Majora's Mask (Zelda 64: Recompiled)","本地支持","未列入","未列入","未列入","未列入","未列入","未列入","未列入","仅 DS5 本地支持 / DSE 非本地或未列入",""
"The Legend of Zelda: Ocarina of Time (Ship of Harkinian)","The Legend of Zelda: Ocarina of Time (Ship of Harkinian)","本地支持","未列入","未列入","未列入","未列入","未列入","未列入","未列入","仅 DS5 本地支持 / DSE 非本地或未列入",""
"The Legend of Zelda: Twilight Princess (Dusk)","The Legend of Zelda: Twilight Princess (Dusk)","本地支持","未列入","未列入","未列入","未列入","未列入","未列入","未列入","仅 DS5 本地支持 / DSE 非本地或未列入",""
"库先生的众多碎片","The Many Pieces of Mr. Coo","限制支持","未列入","未列入","未列入","未列入","未列入","未列入","未列入","限制支持",""
"The Midnight Walk","The Midnight Walk","本地支持","未列入","未列入","未列入","未列入","未列入","未列入","未列入","仅 DS5 本地支持 / DSE 非本地或未列入",""
"The Occultist","The Occultist","本地支持","未列入","未列入","未列入","未列入","未列入","未列入","未列入","仅 DS5 本地支持 / DSE 非本地或未列入",""
"天外世界：太空人之选版","The Outer Worlds: Spacer's Choice Edition","本地支持","本地支持","未列入","未列入","未列入","未列入","未列入","未列入","DS5 与 DSE 本地支持",""
"逃生：试炼","The Outlast Trials","本地支持","本地支持","未列入","未列入","未列入","未列入","未列入","未列入","DS5 与 DSE 本地支持",""
"The Riftbreaker","The Riftbreaker","本地支持","未列入","本地支持","未列入","未列入","未列入","未列入","未列入","仅 DS5 本地支持 / DSE 非本地或未列入","自适应扳机：DS5 本地支持，DSE 未列入"
"The Séance of Blake Manor","The Séance of Blake Manor","本地支持","未列入","未列入","未列入","未列入","未列入","未列入","未列入","仅 DS5 本地支持 / DSE 非本地或未列入",""
"The Seven Deadly Sins: Origin","The Seven Deadly Sins: Origin","本地支持","未列入","未列入","未列入","未列入","未列入","未列入","未列入","仅 DS5 本地支持 / DSE 非本地或未列入",""
"The Shore","The Shore","本地支持","未列入","未列入","未列入","未列入","未列入","未列入","未列入","仅 DS5 本地支持 / DSE 非本地或未列入",""
"The Sinking City 2","The Sinking City 2","本地支持","未列入","未列入","未列入","未列入","未列入","未列入","未列入","仅 DS5 本地支持 / DSE 非本地或未列入",""
"蓝精灵：邪恶叶子大作战","The Smurfs: Mission Vileaf","限制支持","未列入","未列入","未列入","未列入","未列入","未列入","未列入","限制支持",""
"The Thing: Remastered","The Thing: Remastered","本地支持","未列入","未列入","未列入","未列入","未列入","未列入","未列入","仅 DS5 本地支持 / DSE 非本地或未列入",""
"巫师 3：狂猎","The Witcher 3: Wild Hunt","本地支持","未列入","本地支持","未列入","未列入","未列入","未列入","未列入","仅 DS5 本地支持 / DSE 非本地或未列入","自适应扳机：DS5 本地支持，DSE 未列入"
"Thief Simulator 3","Thief Simulator 3","本地支持","未列入","未列入","未列入","未列入","未列入","未列入","未列入","仅 DS5 本地支持 / DSE 非本地或未列入",""
"神偷：暗黑计划","Thief: The Dark Project","限制支持","未列入","未列入","未列入","未列入","未列入","未列入","未列入","限制支持",""
"Thunder Ray","Thunder Ray","本地支持","未列入","未列入","未列入","未列入","未列入","未列入","未列入","仅 DS5 本地支持 / DSE 非本地或未列入",""
"Tides of Annihilation","Tides of Annihilation","本地支持","未列入","未列入","未列入","未列入","未列入","未列入","未列入","仅 DS5 本地支持 / DSE 非本地或未列入",""
"Tides of Tomorrow","Tides of Tomorrow","本地支持","未列入","未列入","未列入","未列入","未列入","未列入","未列入","仅 DS5 本地支持 / DSE 非本地或未列入",""
"Time Gal HD Remaster","Time Gal HD Remaster","本地支持","未列入","未列入","未列入","未列入","未列入","未列入","未列入","仅 DS5 本地支持 / DSE 非本地或未列入",""
"Timespinner","Timespinner","本地支持","未列入","未列入","未列入","未列入","未列入","未列入","未列入","仅 DS5 本地支持 / DSE 非本地或未列入",""
"Tokyo Xtreme Racer","Tokyo Xtreme Racer","本地支持","未列入","未列入","未列入","未列入","未列入","未列入","未列入","仅 DS5 本地支持 / DSE 非本地或未列入",""
"Tom Clancy's Rainbow Six Extraction","Tom Clancy's Rainbow Six Extraction","本地支持","未列入","本地支持","未列入","未列入","未列入","未列入","未列入","仅 DS5 本地支持 / DSE 非本地或未列入","自适应扳机：DS5 本地支持，DSE 未列入"
"汤姆克兰西：彩虹六号 围攻","Tom Clancy's Rainbow Six Siege","本地支持","本地支持","本地支持","本地支持","未列入","未列入","未列入","未列入","DS5 与 DSE 本地支持","自适应扳机：DS5 本地支持，DSE 本地支持"
"古墓丽影（2013）","Tomb Raider (2013)","限制支持","未列入","需手动修复","未列入","需手动修复","未列入","未列入","未列入","限制支持","自适应扳机：DS5 需手动修复，DSE 未列入；触觉反馈：DS5 需手动修复，DSE 未列入"
"古墓丽影 I-III 重制版","Tomb Raider I-III Remastered","本地支持","未列入","未列入","未列入","未列入","未列入","未列入","未列入","仅 DS5 本地支持 / DSE 非本地或未列入",""
"Tomb Raider IV-VI Remastered","Tomb Raider IV-VI Remastered","本地支持","未列入","未列入","未列入","未列入","未列入","未列入","未列入","仅 DS5 本地支持 / DSE 非本地或未列入",""
"Tomba! 2: The Evil Swine Return Special Edition","Tomba! 2: The Evil Swine Return Special Edition","本地支持","未列入","未列入","未列入","未列入","未列入","未列入","未列入","仅 DS5 本地支持 / DSE 非本地或未列入",""
"Tomba! Special Edition","Tomba! Special Edition","本地支持","未列入","未列入","未列入","未列入","未列入","未列入","未列入","仅 DS5 本地支持 / DSE 非本地或未列入",""
"折磨之魂 2","Tormented Souls 2","限制支持","未列入","未列入","未列入","本地支持","未列入","未列入","未列入","限制支持","触觉反馈：DS5 本地支持，DSE 未列入"
"Total Chaos","Total Chaos","本地支持","未列入","未列入","未列入","未列入","未列入","未列入","未列入","仅 DS5 本地支持 / DSE 非本地或未列入",""
"东方幕华祭 ～ Fantastic Danmaku Festival Part III","Touhou Makuka Sai ～ Fantastic Danmaku Festival Part III","限制支持","限制支持","未列入","未列入","未列入","未列入","未列入","未列入","限制支持",""
"Trails in the Sky 1st Chapter","Trails in the Sky 1st Chapter","本地支持","未列入","未列入","未列入","未列入","未列入","未列入","未列入","仅 DS5 本地支持 / DSE 非本地或未列入",""
"Tribe Nine","Tribe Nine","本地支持","未列入","未列入","未列入","未列入","未列入","未列入","未列入","仅 DS5 本地支持 / DSE 非本地或未列入",""
"Tunic","Tunic","本地支持","未列入","未列入","未列入","未列入","未列入","未列入","未列入","仅 DS5 本地支持 / DSE 非本地或未列入",""
"Turbo Dismount 2","Turbo Dismount 2","本地支持","未列入","未列入","未列入","未列入","未列入","未列入","未列入","仅 DS5 本地支持 / DSE 非本地或未列入",""
"Turok (2015)","Turok (2015)","本地支持","未列入","未列入","未列入","未列入","未列入","未列入","未列入","仅 DS5 本地支持 / DSE 非本地或未列入",""
"Turok 2: Seeds of Evil (2017)","Turok 2: Seeds of Evil (2017)","本地支持","未列入","未列入","未列入","未列入","未列入","未列入","未列入","仅 DS5 本地支持 / DSE 非本地或未列入",""
"Turok 3: Shadow of Oblivion Remastered","Turok 3: Shadow of Oblivion Remastered","本地支持","未列入","未列入","未列入","未列入","未列入","未列入","未列入","仅 DS5 本地支持 / DSE 非本地或未列入",""
"Turok: Origins","Turok: Origins","本地支持","未列入","未列入","未列入","未列入","未列入","未列入","未列入","仅 DS5 本地支持 / DSE 非本地或未列入",""
"UFO Robot Grendizer: The Feast of the Wolves","UFO Robot Grendizer: The Feast of the Wolves","本地支持","未列入","未列入","未列入","未列入","未列入","未列入","未列入","仅 DS5 本地支持 / DSE 非本地或未列入",""
"终极杀戮","Ultrakill","本地支持","未列入","未列入","未列入","未列入","未列入","未列入","未列入","仅 DS5 本地支持 / DSE 非本地或未列入",""
"Umamusume: Pretty Derby","Umamusume: Pretty Derby","本地支持","未列入","未列入","未列入","未列入","未列入","未列入","未列入","仅 DS5 本地支持 / DSE 非本地或未列入",""
"Unbeatable","Unbeatable","本地支持","未列入","未列入","未列入","未列入","未列入","未列入","未列入","仅 DS5 本地支持 / DSE 非本地或未列入",""
"Unbeatable (white label)","Unbeatable (white label)","本地支持","未列入","未列入","未列入","未列入","未列入","未列入","未列入","仅 DS5 本地支持 / DSE 非本地或未列入",""
"神秘海域：盗贼传奇合辑","Uncharted: Legacy of Thieves Collection","本地支持","本地支持","本地支持","本地支持","本地支持","本地支持","未列入","未列入","DS5 与 DSE 本地支持","自适应扳机：DS5 本地支持，DSE 本地支持；触觉反馈：DS5 本地支持，DSE 本地支持"
"Under the Island","Under the Island","本地支持","未列入","未列入","未列入","未列入","未列入","未列入","未列入","仅 DS5 本地支持 / DSE 非本地或未列入",""
"Under the Waves","Under the Waves","本地支持","未列入","未列入","未列入","未列入","未列入","未列入","未列入","仅 DS5 本地支持 / DSE 非本地或未列入",""
"Unleashed Recompiled","Unleashed Recompiled","本地支持","本地支持","未列入","未列入","未列入","未列入","未列入","未列入","DS5 与 DSE 本地支持",""
"Unrailed! 2: Back on Track","Unrailed! 2: Back on Track","本地支持","未列入","未列入","未列入","未列入","未列入","未列入","未列入","仅 DS5 本地支持 / DSE 非本地或未列入",""
"直到黎明","Until Dawn","本地支持","本地支持","本地支持","本地支持","本地支持","本地支持","未列入","未列入","DS5 与 DSE 本地支持","自适应扳机：DS5 本地支持，DSE 本地支持；触觉反馈：DS5 本地支持，DSE 本地支持"
"Until Then","Until Then","本地支持","未列入","未列入","未列入","未列入","未列入","未列入","未列入","仅 DS5 本地支持 / DSE 非本地或未列入",""
"Utawarerumono: ZAN 2","Utawarerumono: ZAN 2","本地支持","未列入","未列入","未列入","未列入","未列入","未列入","未列入","仅 DS5 本地支持 / DSE 非本地或未列入",""
"吸血鬼崛起","V Rising","本地支持","未列入","本地支持","未列入","本地支持","未列入","未列入","未列入","仅 DS5 本地支持 / DSE 非本地或未列入","自适应扳机：DS5 本地支持，DSE 未列入；触觉反馈：DS5 本地支持，DSE 未列入"
"Valor Mortis","Valor Mortis","本地支持","未列入","未列入","未列入","未列入","未列入","未列入","未列入","仅 DS5 本地支持 / DSE 非本地或未列入",""
"无畏契约","Valorant","未列入","未列入","未列入","未列入","未列入","未列入","需手动修复","未列入","触摸板页面补充（第三方/Steam）","触摸板：DS5 触摸板 需手动修复，第三方工具/自定义配置，Custom config. Requires reWASD application to run. Changing weapons. |}"
"吸血鬼幸存者","Vampire Survivors","本地支持","未列入","未列入","未列入","未列入","未列入","未列入","未列入","仅 DS5 本地支持 / DSE 非本地或未列入",""
"Vampire: The Masquerade - Bloodlines 2","Vampire: The Masquerade - Bloodlines 2","本地支持","未列入","未列入","未列入","未列入","未列入","未列入","未列入","仅 DS5 本地支持 / DSE 非本地或未列入",""
"Vampire's Fall 2","Vampire's Fall 2","本地支持","未列入","未列入","未列入","未列入","未列入","未列入","未列入","仅 DS5 本地支持 / DSE 非本地或未列入",""
"Vanran","Vanran","限制支持","未列入","未列入","未列入","未列入","未列入","未列入","未列入","限制支持",""
"Vapor World: Over the Mind","Vapor World: Over the Mind","本地支持","未列入","未列入","未列入","未列入","未列入","未列入","未列入","仅 DS5 本地支持 / DSE 非本地或未列入",""
"Viewfinder","Viewfinder","本地支持","未列入","未列入","未列入","未列入","未列入","未列入","未列入","仅 DS5 本地支持 / DSE 非本地或未列入",""
"Virtua Fighter 5 R.E.V.O. World Stage","Virtua Fighter 5 R.E.V.O. World Stage","本地支持","未列入","未列入","未列入","未列入","未列入","未列入","未列入","仅 DS5 本地支持 / DSE 非本地或未列入",""
"圣剑传说 Visions of Mana","Visions of Mana","本地支持","本地支持","未列入","未列入","未列入","未列入","未列入","未列入","DS5 与 DSE 本地支持",""
"VoidBound","VoidBound","本地支持","未列入","未列入","未列入","未列入","未列入","未列入","未列入","仅 DS5 本地支持 / DSE 非本地或未列入",""
"Voidwrought","Voidwrought","本地支持","未列入","未列入","未列入","未列入","未列入","未列入","未列入","仅 DS5 本地支持 / DSE 非本地或未列入",""
"VRChat","VRChat","限制支持","未列入","未列入","未列入","未列入","未列入","未列入","未列入","限制支持",""
"VVVVVV","VVVVVV","本地支持","未列入","未列入","未列入","未列入","未列入","未列入","未列入","仅 DS5 本地支持 / DSE 非本地或未列入",""
"星际战甲","Warframe","本地支持","本地支持","本地支持","本地支持","未列入","未列入","未列入","未列入","DS5 与 DSE 本地支持","自适应扳机：DS5 本地支持，DSE 本地支持"
"战锤 40K：星际战士 II","Warhammer 40,000: Space Marine II","本地支持","未列入","本地支持","未列入","未列入","未列入","未列入","未列入","仅 DS5 本地支持 / DSE 非本地或未列入","自适应扳机：DS5 本地支持，DSE 未列入"
"无双大蛇 3","Warriors Orochi 4","本地支持","本地支持","未列入","未列入","未列入","未列入","未列入","未列入","DS5 与 DSE 本地支持",""
"Whelm","Whelm","本地支持","未列入","未列入","未列入","未列入","未列入","未列入","未列入","仅 DS5 本地支持 / DSE 非本地或未列入",""
"燕云十六声","Where Winds Meet","本地支持","未列入","本地支持","未列入","本地支持","未列入","未列入","未列入","仅 DS5 本地支持 / DSE 非本地或未列入","自适应扳机：DS5 本地支持，DSE 未列入；触觉反馈：DS5 本地支持，DSE 未列入"
"While We Wait Here","While We Wait Here","本地支持","未列入","未列入","未列入","未列入","未列入","未列入","未列入","仅 DS5 本地支持 / DSE 非本地或未列入",""
"Wicked Seed","Wicked Seed","本地支持","未列入","未列入","未列入","未列入","未列入","未列入","未列入","仅 DS5 本地支持 / DSE 非本地或未列入",""
"狂野之心","Wild Hearts","本地支持","未列入","未列入","未列入","未列入","未列入","未列入","未列入","仅 DS5 本地支持 / DSE 非本地或未列入",""
"Wild Woods","Wild Woods","本地支持","未列入","未列入","未列入","未列入","未列入","未列入","未列入","仅 DS5 本地支持 / DSE 非本地或未列入",""
"Wildgate","Wildgate","本地支持","未列入","未列入","未列入","未列入","未列入","未列入","未列入","仅 DS5 本地支持 / DSE 非本地或未列入",""
"Witch It","Witch It","本地支持","未列入","未列入","未列入","未列入","未列入","未列入","未列入","仅 DS5 本地支持 / DSE 非本地或未列入",""
"僵尸世界大战","World War Z","本地支持","未列入","本地支持","未列入","本地支持","未列入","未列入","未列入","仅 DS5 本地支持 / DSE 非本地或未列入","自适应扳机：DS5 本地支持，DSE 未列入；触觉反馈：DS5 本地支持，DSE 未列入"
"WRC 10: FIA World Rally Championship","WRC 10: FIA World Rally Championship","本地支持","未列入","本地支持","未列入","未列入","未列入","未列入","未列入","仅 DS5 本地支持 / DSE 非本地或未列入","自适应扳机：DS5 本地支持，DSE 未列入"
"WRC Generations","WRC Generations","本地支持","未列入","本地支持","未列入","本地支持","未列入","未列入","未列入","仅 DS5 本地支持 / DSE 非本地或未列入","自适应扳机：DS5 本地支持，DSE 未列入；触觉反馈：DS5 本地支持，DSE 未列入"
"Wreckfest 2","Wreckfest 2","本地支持","未列入","未列入","未列入","未列入","未列入","未列入","未列入","仅 DS5 本地支持 / DSE 非本地或未列入",""
"Wreckreation","Wreckreation","本地支持","未列入","未列入","未列入","未列入","未列入","未列入","未列入","仅 DS5 本地支持 / DSE 非本地或未列入",""
"明末：渊虚之羽","Wuchang: Fallen Feathers","本地支持","本地支持","未列入","未列入","未列入","未列入","未列入","未列入","DS5 与 DSE 本地支持",""
"鸣潮","Wuthering Waves","本地支持","本地支持","本地支持","本地支持","未列入","未列入","未列入","未列入","DS5 与 DSE 本地支持","自适应扳机：DS5 本地支持，DSE 本地支持"
"WWE 2K25","WWE 2K25","本地支持","未列入","未列入","未列入","未列入","未列入","未列入","未列入","仅 DS5 本地支持 / DSE 非本地或未列入",""
"XDefiant","XDefiant","本地支持","未列入","未列入","未列入","本地支持","未列入","未列入","未列入","仅 DS5 本地支持 / DSE 非本地或未列入","触觉反馈：DS5 本地支持，DSE 未列入"
"如龙 0 导演剪辑版","Yakuza 0 Director's Cut","本地支持","未列入","未列入","未列入","未列入","未列入","未列入","未列入","仅 DS5 本地支持 / DSE 非本地或未列入",""
"如龙 极（2025）","Yakuza Kiwami (2025)","本地支持","未列入","未列入","未列入","未列入","未列入","未列入","未列入","仅 DS5 本地支持 / DSE 非本地或未列入",""
"如龙 极 2（2025）","Yakuza Kiwami 2 (2025)","本地支持","本地支持","未列入","未列入","未列入","未列入","未列入","未列入","DS5 与 DSE 本地支持",""
"如龙 极 3 & Dark Ties","Yakuza Kiwami 3 & Dark Ties","本地支持","本地支持","本地支持","本地支持","未列入","未列入","未列入","未列入","DS5 与 DSE 本地支持","自适应扳机：DS5 本地支持，DSE 本地支持"
"如龙 7：光与暗的去向","Yakuza: Like a Dragon","本地支持","未列入","未列入","未列入","未列入","未列入","未列入","未列入","仅 DS5 本地支持 / DSE 非本地或未列入",""
"Yooka-Replaylee","Yooka-Replaylee","本地支持","未列入","未列入","未列入","未列入","未列入","未列入","未列入","仅 DS5 本地支持 / DSE 非本地或未列入",""
"伊苏 X：北境历险","Ys X: Nordics","本地支持","本地支持","未列入","未列入","未列入","未列入","未列入","未列入","DS5 与 DSE 本地支持",""
"伊苏 X：自豪诺迪克斯","Ys X: Proud Nordics","本地支持","本地支持","未列入","未列入","未列入","未列入","未列入","未列入","DS5 与 DSE 本地支持",""
"绝区零","Zenless Zone Zero","本地支持","本地支持","本地支持","本地支持","需手动修复","需手动修复","未列入","未列入","DS5 与 DSE 本地支持","自适应扳机：DS5 本地支持，DSE 本地支持；触觉反馈：DS5 需手动修复，DSE 需手动修复"
"Zero Parades: For Dead Spies","Zero Parades: For Dead Spies","本地支持","未列入","未列入","未列入","未列入","未列入","未列入","未列入","仅 DS5 本地支持 / DSE 非本地或未列入",""
